Name,Sex,Age,Height,Weight,Team,Year,Event,Medal
Aliyah Abrams,F,19.0,163.0,53.0,Guyana,2016,Athletics Women's 400 meters,
"Folashade ""Shade"" Abugan",F,17.0,150.0,64.0,Nigeria,2008,Athletics Women's 400 meters,
Assumpta Achuo-Bei,F,20.0,159.0,55.0,Cameroon,1988,Athletics Women's 400 meters,
Asuncin Acosta Galano,F,18.0,169.0,52.0,Cuba,1972,Athletics Women's 400 meters,
Mercy Addy,F,20.0,161.0,58.0,Ghana,1984,Athletics Women's 400 meters,
Mercy Addy,F,32.0,161.0,58.0,Ghana,1996,Athletics Women's 400 meters,
Oluwakemi 'Kemi' Adekoya,F,23.0,166.0,63.0,Bahrain,2016,Athletics Women's 400 meters,
"Olabisi ""Bisi"" Afolabi",F,20.0,180.0,62.0,Nigeria,1996,Athletics Women's 400 meters,
"Olabisi ""Bisi"" Afolabi",F,24.0,180.0,62.0,Nigeria,2000,Athletics Women's 400 meters,
Mary Akinyemi (-Akinkuowo),F,25.0,168.0,62.0,Nigeria,1980,Athletics Women's 400 meters,
Liudmyla Vasylivna Aksenova (Shapovalova-),F,29.0,165.0,58.0,Soviet Union,1976,Athletics Women's 400 meters,
Dalal Masfir Al-Harith,F,16.0,160.0,55.0,Qatar,2016,Athletics Women's 400 meters,
"Danielle Remilekun B. ""Danni"" Alakija",F,16.0,182.0,71.0,Fiji,2012,Athletics Women's 400 meters,
Kineke Alicia Alexander,F,22.0,178.0,65.0,Saint Vincent and the Grenadines,2008,Athletics Women's 400 meters,
Kineke Alicia Alexander,F,26.0,178.0,65.0,Saint Vincent and the Grenadines,2012,Athletics Women's 400 meters,
Kineke Alicia Alexander,F,30.0,178.0,65.0,Saint Vincent and the Grenadines,2016,Athletics Women's 400 meters,
Ghada Ali,F,19.0,166.0,67.0,Libya,2008,Athletics Women's 400 meters,
Shifana Ali,F,20.0,153.0,52.0,Maldives,2004,Athletics Women's 400 meters,
Zourah Mohamed Ali,F,17.0,162.0,53.0,Djibouti,2012,Athletics Women's 400 meters,
Haissa Ali Garba,F,18.0,,,Niger,2000,Athletics Women's 400 meters,
Maria Laura Almiro,F,26.0,162.0,50.0,Brazil,2004,Athletics Women's 400 meters,
Maria Laura Almiro,F,30.0,162.0,50.0,Brazil,2008,Athletics Women's 400 meters,
Junaidah Aman,F,17.0,162.0,42.0,Malaysia,1972,Athletics Women's 400 meters,
Christine Amertil (-Ling),F,21.0,168.0,54.0,Bahamas,2000,Athletics Women's 400 meters,
Christine Amertil (-Ling),F,24.0,168.0,54.0,Bahamas,2004,Athletics Women's 400 meters,
Christine Amertil (-Ling),F,28.0,168.0,54.0,Bahamas,2008,Athletics Women's 400 meters,
Zamira Shamiliyevna Amirova,F,25.0,167.0,58.0,Uzbekistan,2004,Athletics Women's 400 meters,
"Judith Florence ""Judy"" Amoore-Pollock",F,24.0,163.0,55.0,Australia,1964,Athletics Women's 400 meters,Bronze
Malena Ivanova Andonova,F,23.0,169.0,57.0,Bulgaria,1980,Athletics Women's 400 meters,
LaDonna M. Antoine (-Watkins),F,21.0,168.0,61.0,Canada,1996,Athletics Women's 400 meters,
LaDonna M. Antoine (-Watkins),F,25.0,168.0,61.0,Canada,2000,Athletics Women's 400 meters,
Nataliya Nikolayevna Antyukh,F,23.0,182.0,69.0,Russia,2004,Athletics Women's 400 meters,Bronze
Helga Arendt,F,24.0,178.0,66.0,West Germany,1988,Athletics Women's 400 meters,
Judith Ayaa,F,20.0,174.0,55.0,Uganda,1972,Athletics Women's 400 meters,
Gloria Ayanlaja (-Obajimi),F,24.0,157.0,45.0,Nigeria,1980,Athletics Women's 400 meters,
Ctia Isabel da Silva Azevedo,F,22.0,170.0,50.0,Portugal,2016,Athletics Women's 400 meters,
Airat Bakare,F,21.0,178.0,60.0,Nigeria,1988,Athletics Women's 400 meters,
"Kungu ""Christine"" Bakombo",F,26.0,158.0,49.0,Congo (Kinshasa),1988,Athletics Women's 400 meters,
Gyrgyi Balogh-Szomov,F,24.0,170.0,50.0,Hungary,1972,Athletics Women's 400 meters,
Margaret Bamgbose,F,22.0,171.0,63.0,Nigeria,2016,Athletics Women's 400 meters,
Helen Catherine Barnett-Burkart,F,26.0,170.0,62.0,Great Britain,1984,Athletics Women's 400 meters,
Trish Bartholomew,F,21.0,160.0,59.0,Grenada,2008,Athletics Women's 400 meters,
Norma Enriqueta Basilio Sotelo,F,20.0,176.0,59.0,Mexico,1968,Athletics Women's 400 meters,
Batgereliin Mngntuyaa,F,19.0,163.0,51.0,Mongolia,2008,Athletics Women's 400 meters,
Justine Bayiga,F,29.0,155.0,57.0,Uganda,2008,Athletics Women's 400 meters,
Allison J. Beckford,F,25.0,175.0,61.0,Jamaica,2004,Athletics Women's 400 meters,
"Patricia J. ""Pat"" Beckford",F,23.0,178.0,70.0,Great Britain,1988,Athletics Women's 400 meters,
"Kalayathumkuzhi Mathews ""K. M."" Beenamol",F,25.0,163.0,50.0,India,2000,Athletics Women's 400 meters,
Monika Joanna Bejnar,F,27.0,173.0,57.0,Poland,2008,Athletics Women's 400 meters,
Ameerah Anakaona Bello,F,20.0,165.0,54.0,United States Virgin Islands,1996,Athletics Women's 400 meters,
Awatef Ben Hassine,F,20.0,175.0,65.0,Tunisia,2000,Athletics Women's 400 meters,
Hana Beneov,F,21.0,170.0,60.0,Czech Republic,1996,Athletics Women's 400 meters,
Hana Beneov,F,25.0,170.0,60.0,Czech Republic,2000,Athletics Women's 400 meters,
Joyce Elaine Bennett (-Sala Tenna),F,23.0,168.0,63.0,Australia,1968,Athletics Women's 400 meters,
Regina Berg,F,17.0,172.0,53.0,Belgium,1976,Athletics Women's 400 meters,
Verona Marolin Bernard-Elder,F,19.0,170.0,63.0,Great Britain,1972,Athletics Women's 400 meters,
Verona Marolin Bernard-Elder,F,23.0,170.0,63.0,Great Britain,1976,Athletics Women's 400 meters,
Colette Besson (-Nogus),F,22.0,169.0,58.0,France,1968,Athletics Women's 400 meters,Gold
Colette Besson (-Nogus),F,26.0,169.0,58.0,France,1972,Athletics Women's 400 meters,
Hortense Clementine Bewouda Kamni,F,25.0,174.0,66.0,Cameroon,2004,Athletics Women's 400 meters,
Olha Anatolivna Bibik,F,26.0,178.0,64.0,Ukraine,2016,Athletics Women's 400 meters,
Grace Birungi,F,22.0,164.0,48.0,Uganda,1996,Athletics Women's 400 meters,
Barbara Bishop (-Bovell),F,16.0,,,Barbados,1972,Athletics Women's 400 meters,
Carlon Blackman,F,19.0,162.0,59.0,Barbados,1984,Athletics Women's 400 meters,
Helen Blake,F,25.0,170.0,52.0,Jamaica,1976,Athletics Women's 400 meters,
Bo Fanfang,F,26.0,172.0,62.0,China,2004,Athletics Women's 400 meters,
Lillian Barbara Board,F,19.0,168.0,60.0,Great Britain,1968,Athletics Women's 400 meters,Silver
Svetlana Aleksandrovna Bodritskaya,F,24.0,171.0,54.0,Kazakhstan,1996,Athletics Women's 400 meters,
Svetlana Aleksandrovna Bodritskaya,F,28.0,171.0,54.0,Kazakhstan,2000,Athletics Women's 400 meters,
Svetlana Aleksandrovna Bodritskaya,F,32.0,171.0,54.0,Kazakhstan,2004,Athletics Women's 400 meters,
Olajumoke Bodunrin,F,23.0,152.0,44.0,Nigeria,1968,Athletics Women's 400 meters,
Aauri Lorena Bokesa Abia,F,23.0,180.0,62.0,Spain,2012,Athletics Women's 400 meters,
Aauri Lorena Bokesa Abia,F,27.0,180.0,62.0,Spain,2016,Athletics Women's 400 meters,
Christine Botlogetswe,F,20.0,170.0,65.0,Botswana,2016,Athletics Women's 400 meters,
Rita Bottiglieri,F,23.0,170.0,62.0,Italy,1976,Athletics Women's 400 meters,
Marime Boye,F,23.0,170.0,58.0,Senegal,1980,Athletics Women's 400 meters,
Christina Brehmer-Lathan,F,18.0,169.0,57.0,East Germany,1976,Athletics Women's 400 meters,Silver
Christina Brehmer-Lathan,F,22.0,169.0,57.0,East Germany,1980,Athletics Women's 400 meters,Bronze
Grit Breuer (-Springstein),F,24.0,168.0,63.0,Germany,1996,Athletics Women's 400 meters,
Valerie Ann Brisco-Hooks,F,24.0,170.0,62.0,United States,1984,Athletics Women's 400 meters,Gold
Valerie Ann Brisco-Hooks,F,28.0,170.0,62.0,United States,1988,Athletics Women's 400 meters,
Alicia Brown,F,26.0,165.0,57.0,Canada,2016,Athletics Women's 400 meters,
Sandra Elizabeth Brown (-Webb),F,22.0,180.0,70.0,Australia,1968,Athletics Women's 400 meters,
Rosalyn Evette Bryant (-Clark),F,20.0,165.0,57.0,United States,1976,Athletics Women's 400 meters,
Olha Arkadivna Bryzhina (Vladykina-),F,25.0,171.0,63.0,Soviet Union,1988,Athletics Women's 400 meters,Gold
Olha Arkadivna Bryzhina (Vladykina-),F,29.0,171.0,63.0,Unified Team,1992,Athletics Women's 400 meters,Silver
Elanga Buala,F,20.0,163.0,50.0,Papua New Guinea,1984,Athletics Women's 400 meters,
Makelesi Bulikiobo-Batimala,F,26.0,181.0,65.0,Fiji,2004,Athletics Women's 400 meters,
Makelesi Bulikiobo-Batimala,F,30.0,181.0,65.0,Fiji,2008,Athletics Women's 400 meters,
Seren Bundy-Davies,F,21.0,175.0,63.0,Great Britain,2016,Athletics Women's 400 meters,
Jitka Burianov,F,23.0,174.0,57.0,Czech Republic,2000,Athletics Women's 400 meters,
Verna Jaye Burnard,F,19.0,169.0,55.0,Australia,1976,Athletics Women's 400 meters,
"Margarete ""Margret"" Buscher",F,26.0,168.0,62.0,Germany,1964,Athletics Women's 400 meters,
"Gabriele ""Gaby"" Bumann",F,24.0,170.0,57.0,West Germany,1984,Athletics Women's 400 meters,
Lilian Bwalya,F,25.0,,,Zambia,2000,Athletics Women's 400 meters,
Juliet Jean Campbell,F,22.0,178.0,62.0,Jamaica,1992,Athletics Women's 400 meters,
Juliet Jean Campbell,F,26.0,178.0,62.0,Jamaica,1996,Athletics Women's 400 meters,
Rachelle Campbell (-Clausen),F,19.0,178.0,63.0,Canada,1976,Athletics Women's 400 meters,
"Judith ""Judy"" Canty (-Peckham)",F,25.0,177.0,61.0,Australia,1976,Athletics Women's 400 meters,
Norfalia Carabal Villegas,F,24.0,162.0,49.0,Colombia,1988,Athletics Women's 400 meters,
Norfalia Carabal Villegas,F,28.0,162.0,49.0,Colombia,1992,Athletics Women's 400 meters,
Norfalia Carabal Villegas,F,36.0,162.0,49.0,Spain,2000,Athletics Women's 400 meters,
Christiane Casapicola-Wildschek,F,22.0,178.0,65.0,Austria,1976,Athletics Women's 400 meters,
Liliana Carmen Chal Das,F,33.0,165.0,48.0,Ecuador,1988,Athletics Women's 400 meters,
Chang Feng-Hua,F,20.0,167.0,56.0,Chinese Taipei,1988,Athletics Women's 400 meters,
Afia Neliah Charles,F,20.0,170.0,57.0,Antigua and Barbuda,2012,Athletics Women's 400 meters,
Samruay Charonggool,F,20.0,160.0,50.0,Thailand,1964,Athletics Women's 400 meters,
"Chandra Danette Cheeseborough (-Shellman, -Guice)",F,25.0,165.0,58.0,United States,1984,Athletics Women's 400 meters,Silver
Tekla Chemabwai,F,18.0,160.0,49.0,Kenya,1968,Athletics Women's 400 meters,
Tekla Chemabwai,F,22.0,160.0,49.0,Kenya,1972,Athletics Women's 400 meters,
Lyudmila Alekseyevna Chernova (-Zenina),F,25.0,165.0,56.0,Soviet Union,1980,Athletics Women's 400 meters,
Maria Benedicta Chigbolu,F,27.0,172.0,55.0,Italy,2016,Athletics Women's 400 meters,
Anna Chmelkov (Blanrikov-),F,24.0,169.0,57.0,Czechoslovakia,1968,Athletics Women's 400 meters,
Kendra Clarke,F,19.0,167.0,56.0,Canada,2016,Athletics Women's 400 meters,
Olesea Cojuhari,F,22.0,170.0,58.0,Moldova,2012,Athletics Women's 400 meters,
LaTasha Lavon Colander-Richardson (-Clark),F,24.0,168.0,52.0,United States,2000,Athletics Women's 400 meters,
Michelle E. Collins,F,29.0,177.0,62.0,United States,2000,Athletics Women's 400 meters,
Geisa Aparecida Muniz Coutinho,F,24.0,161.0,55.0,Brazil,2004,Athletics Women's 400 meters,
Geisa Aparecida Muniz Coutinho,F,32.0,161.0,55.0,Brazil,2012,Athletics Women's 400 meters,
Geisa Aparecida Muniz Coutinho,F,36.0,161.0,55.0,Brazil,2016,Athletics Women's 400 meters,
Anne Covell,F,18.0,160.0,48.0,Canada,1968,Athletics Women's 400 meters,
Shana Amanda Cox,F,27.0,172.0,75.0,Great Britain,2012,Athletics Women's 400 meters,
Charmaine A. Crooks (-Thorsen),F,21.0,175.0,58.0,Canada,1984,Athletics Women's 400 meters,
Charmaine A. Crooks (-Thorsen),F,26.0,175.0,58.0,Canada,1988,Athletics Women's 400 meters,
Joanne Cuddihy,F,24.0,184.0,64.0,Ireland,2008,Athletics Women's 400 meters,
Joanne Cuddihy,F,28.0,184.0,64.0,Ireland,2012,Athletics Women's 400 meters,
Allison Curbishley,F,24.0,167.0,58.0,Great Britain,2000,Athletics Women's 400 meters,
"Elizabeth Alyse ""Betty"" Cuthbert",F,26.0,169.0,57.0,Australia,1964,Athletics Women's 400 meters,Gold
Guilhermina P. da Cruz,F,26.0,155.0,50.0,Angola,1996,Athletics Women's 400 meters,
Svobodka Damyanova (-Mocheva),F,25.0,165.0,51.0,Bulgaria,1980,Athletics Women's 400 meters,
Marcia Fernanda Daniel,F,22.0,172.0,64.0,Dominica,2000,Athletics Women's 400 meters,
Djnbou Dant,F,26.0,176.0,73.0,Mali,2016,Athletics Women's 400 meters,
Fanta Dao,F,19.0,,,Mali,1992,Athletics Women's 400 meters,
Kia Davis,F,32.0,170.0,54.0,Liberia,2008,Athletics Women's 400 meters,
Pauline Elaine Davis-Thompson,F,30.0,167.0,57.0,Bahamas,1996,Athletics Women's 400 meters,
Nadia Davy,F,23.0,168.0,54.0,Jamaica,2004,Athletics Women's 400 meters,
Christine Day,F,25.0,168.0,51.0,Jamaica,2012,Athletics Women's 400 meters,
Christine Day,F,29.0,168.0,51.0,Jamaica,2016,Athletics Women's 400 meters,
Virna De Angeli (-Baldini-),F,20.0,168.0,56.0,Italy,1996,Athletics Women's 400 meters,
Jailma Sales de Lima,F,29.0,174.0,65.0,Brazil,2016,Athletics Women's 400 meters,
Elsa Devassoigne (-Black-),F,22.0,170.0,52.0,France,1992,Athletics Women's 400 meters,
Marilyn A. Dewarder,F,28.0,168.0,56.0,Guyana,1988,Athletics Women's 400 meters,
Kobala Vithanage Damayanthi Dharsha,F,25.0,169.0,58.0,Sri Lanka,2000,Athletics Women's 400 meters,
Kobala Vithanage Damayanthi Dharsha,F,29.0,169.0,58.0,Sri Lanka,2004,Athletics Women's 400 meters,
Emily Jane Diamond,F,25.0,173.0,58.0,Great Britain,2016,Athletics Women's 400 meters,
Mariana Dinkova Dimitrova,F,22.0,173.0,62.0,Bulgaria,2004,Athletics Women's 400 meters,
Grace Ann Dinkins,F,29.0,170.0,54.0,Liberia,1996,Athletics Women's 400 meters,
Diane Lynn Dixon (-Trouse),F,23.0,165.0,54.0,United States,1988,Athletics Women's 400 meters,
Temalangeni Mbali Dlamini,F,21.0,168.0,58.0,Swaziland,2008,Athletics Women's 400 meters,
Sandra Marie Douglas,F,25.0,162.0,55.0,Great Britain,1992,Athletics Women's 400 meters,
Dimitra Dova,F,34.0,184.0,70.0,Greece,2008,Athletics Women's 400 meters,
Lois Anne Drinkwater (-Thompson),F,17.0,170.0,57.0,United States,1968,Athletics Women's 400 meters,
"Stephanie ""Stephie"" D'Souza (Sequeira-)",F,27.0,158.0,50.0,India,1964,Athletics Women's 400 meters,
Du Xiujie,F,24.0,176.0,64.0,China,1996,Athletics Women's 400 meters,
Nicole Duclos (Salavert-),F,25.0,167.0,55.0,France,1972,Athletics Women's 400 meters,
Magorzata Dunecka (Gajewska-),F,23.0,176.0,67.0,Poland,1980,Athletics Women's 400 meters,
"Deborah Sue ""Debra"" Edwards-Armstrong",F,17.0,153.0,51.0,United States,1972,Athletics Women's 400 meters,
Marika Irene Eklund-Lindholm,F,24.0,173.0,62.0,Finland,1972,Athletics Women's 400 meters,
Marika Irene Eklund-Lindholm,F,28.0,173.0,62.0,Finland,1976,Athletics Women's 400 meters,
Ruwida El-Hubti,F,15.0,154.0,51.0,Libya,2004,Athletics Women's 400 meters,
Malbas Jamous Nawal El-Jack,F,19.0,150.0,54.0,Sudan,2008,Athletics Women's 400 meters,
Hala El-Moughrabi,F,21.0,,,Syria,1980,Athletics Women's 400 meters,
velyne lien,F,24.0,160.0,50.0,France,1988,Athletics Women's 400 meters,
Gail Emmanuel,F,21.0,175.0,58.0,Trinidad and Tobago,1984,Athletics Women's 400 meters,
Kirsten Emmelmann (Siemon-),F,27.0,173.0,63.0,East Germany,1988,Athletics Women's 400 meters,
Ginou Etienne,F,23.0,173.0,58.0,Haiti,2008,Athletics Women's 400 meters,
Joy Amechi Eze,F,20.0,165.0,64.0,Nigeria,2008,Athletics Women's 400 meters,
Fatou Bintou Fall,F,22.0,174.0,57.0,Senegal,2004,Athletics Women's 400 meters,
Zamzam Mohamed Farah,F,21.0,,,Somalia,2012,Athletics Women's 400 meters,
Allyson Michelle Felix,F,30.0,168.0,56.0,United States,2016,Athletics Women's 400 meters,Silver
Mable Fergerson (-Winn),F,17.0,170.0,60.0,United States,1972,Athletics Women's 400 meters,
Fabienne Ficher,F,22.0,175.0,61.0,France,1988,Athletics Women's 400 meters,
Maria Magnlia de Souza Figueiredo,F,24.0,170.0,60.0,Brazil,1988,Athletics Women's 400 meters,
Maria Magnlia de Souza Figueiredo,F,32.0,170.0,60.0,Brazil,1996,Athletics Women's 400 meters,
Maritza Figueroa Amador,F,24.0,,,Nicaragua,2000,Athletics Women's 400 meters,
Tatyana Pavlovna Firova,F,25.0,174.0,59.0,Russia,2008,Athletics Women's 400 meters,
Joan Fisher,F,19.0,169.0,58.0,Canada,1968,Athletics Women's 400 meters,
Lorna C. Forde (-Mitchell),F,24.0,155.0,55.0,Barbados,1976,Athletics Women's 400 meters,
Judit Forgcs,F,21.0,168.0,58.0,Hungary,1980,Athletics Women's 400 meters,
Judit Forgcs,F,33.0,168.0,58.0,Hungary,1992,Athletics Women's 400 meters,
Diane Gale Francis (Dunrod-),F,27.0,170.0,50.0,Saint Kitts and Nevis,1996,Athletics Women's 400 meters,
Phyllis Chanez Francis,F,24.0,180.0,72.0,United States,2016,Athletics Women's 400 meters,
Arely Franco Ramos,F,27.0,170.0,59.0,El Salvador,1996,Athletics Women's 400 meters,
Donna Karen Fraser,F,23.0,180.0,64.0,Great Britain,1996,Athletics Women's 400 meters,
Donna Karen Fraser,F,27.0,180.0,64.0,Great Britain,2000,Athletics Women's 400 meters,
Donna Karen Fraser,F,31.0,180.0,64.0,Great Britain,2004,Athletics Women's 400 meters,
Merlene Frazer,F,22.0,174.0,62.0,Jamaica,1996,Athletics Women's 400 meters,
"Catherine Astrid Salome ""Cathy"" Freeman",F,19.0,164.0,56.0,Australia,1992,Athletics Women's 400 meters,
"Catherine Astrid Salome ""Cathy"" Freeman",F,23.0,164.0,56.0,Australia,1996,Athletics Women's 400 meters,Silver
"Catherine Astrid Salome ""Cathy"" Freeman",F,27.0,164.0,56.0,Australia,2000,Athletics Women's 400 meters,Gold
Christel Frese (-Gerber),F,28.0,165.0,50.0,West Germany,1972,Athletics Women's 400 meters,
Helena Fuchsov (Dziurov-),F,31.0,179.0,68.0,Czech Republic,1996,Athletics Women's 400 meters,
Dagmar Fuhrmann (Jost-),F,22.0,171.0,57.0,West Germany,1976,Athletics Women's 400 meters,
Rose-Marie Gauthier,F,21.0,162.0,59.0,Haiti,1976,Athletics Women's 400 meters,
Patience Okon George,F,24.0,169.0,63.0,Nigeria,2016,Athletics Women's 400 meters,
Regina George Grause,F,21.0,176.0,61.0,Nigeria,2012,Athletics Women's 400 meters,
Daniela Simeonova Georgieva (Spasova-),F,30.0,169.0,58.0,Bulgaria,2000,Athletics Women's 400 meters,
Charmaine Ann Marie Gilgeous,F,20.0,165.0,56.0,Antigua and Barbuda,1992,Athletics Women's 400 meters,
Svetlana Valentinovna Goncharenko (Doronina-),F,25.0,173.0,63.0,Russia,1996,Athletics Women's 400 meters,
Norma Gonzlez Camilde,F,18.0,172.0,58.0,Colombia,2000,Athletics Women's 400 meters,
Donata Govoni (-Sandrini),F,24.0,170.0,53.0,Italy,1968,Athletics Women's 400 meters,
Donata Govoni (-Sandrini),F,28.0,170.0,53.0,Italy,1972,Athletics Women's 400 meters,
"Kimberly Elaine ""Kim"" Graham (-Miller)",F,25.0,163.0,58.0,United States,1996,Athletics Women's 400 meters,
Lorraine Graham (-Fenton),F,27.0,174.0,59.0,Jamaica,2000,Athletics Women's 400 meters,Silver
Cynthia Green,F,,,,Jamaica,1984,Athletics Women's 400 meters,
Josephine Mary Green (-Tagg),F,24.0,166.0,51.0,Great Britain,1968,Athletics Women's 400 meters,
Libania Grenot Martnez (-Scafetti),F,25.0,175.0,60.0,Italy,2008,Athletics Women's 400 meters,
Libania Grenot Martnez (-Scafetti),F,29.0,175.0,60.0,Italy,2012,Athletics Women's 400 meters,
Libania Grenot Martnez (-Scafetti),F,33.0,175.0,60.0,Italy,2016,Athletics Women's 400 meters,
"Elizabeth Joyce ""Joy"" Grieveson (-Watson)",F,22.0,167.0,62.0,Great Britain,1964,Athletics Women's 400 meters,
Agnes Geraldine Griffith,F,19.0,162.0,54.0,Grenada,1988,Athletics Women's 400 meters,
June Marcia Griffith (-Collison),F,27.0,183.0,52.0,Guyana,1984,Athletics Women's 400 meters,
Floria Guei,F,26.0,166.0,53.0,France,2016,Athletics Women's 400 meters,
Ana Gabriela Guevara Espinoza,F,23.0,173.0,61.0,Mexico,2000,Athletics Women's 400 meters,
Ana Gabriela Guevara Espinoza,F,27.0,173.0,61.0,Mexico,2004,Athletics Women's 400 meters,Silver
Yuliya Aleksandrovna Gushchina,F,25.0,174.0,61.0,Russia,2008,Athletics Women's 400 meters,
Yuliya Aleksandrovna Gushchina,F,29.0,174.0,61.0,Russia,2012,Athletics Women's 400 meters,
Eeva Inkeri Haimi (-Hongisto),F,22.0,168.0,61.0,Finland,1968,Athletics Women's 400 meters,
Loreen Doloris Hall,F,20.0,170.0,63.0,Great Britain,1988,Athletics Women's 400 meters,
"Kathleen ""Kathy"" Hammond (-Tyson)",F,20.0,170.0,55.0,United States,1972,Athletics Women's 400 meters,Bronze
Han Myeong-Hui,F,18.0,165.0,58.0,South Korea,1964,Athletics Women's 400 meters,
Lorraine I. Hanson,F,27.0,178.0,65.0,Great Britain,1992,Athletics Women's 400 meters,
Ahamada Hadidja Haoulata Ali Moudhir,F,21.0,,,Comoros,1996,Athletics Women's 400 meters,
Salamtou Hassane,F,17.0,165.0,60.0,Niger,2004,Athletics Women's 400 meters,
Natasha Monique Hastings,F,30.0,173.0,68.0,United States,2016,Athletics Women's 400 meters,
Monique Hennagan,F,24.0,173.0,57.0,United States,2000,Athletics Women's 400 meters,
Monique Hennagan,F,28.0,173.0,57.0,United States,2004,Athletics Women's 400 meters,
Helga Henning (-Fricke),F,30.0,170.0,55.0,West Germany,1968,Athletics Women's 400 meters,
Tjipekapora Herunga,F,24.0,167.0,51.0,Namibia,2012,Athletics Women's 400 meters,
Moa Elin Marianne Hjelmer,F,22.0,172.0,60.0,Sweden,2012,Athletics Women's 400 meters,
Ileana Hocking,F,17.0,158.0,45.0,Puerto Rico,1976,Athletics Women's 400 meters,
"Abigail Golda ""Abby"" Hoffman",F,17.0,175.0,57.0,Canada,1964,Athletics Women's 400 meters,
Maree Anne Holland (Chapman-),F,25.0,169.0,55.0,Australia,1988,Athletics Women's 400 meters,
"Silvia Hollmann (-Nickisch, -Schiek)",F,21.0,176.0,64.0,West Germany,1976,Athletics Women's 400 meters,
Denean Elizabeth Howard-Hill,F,23.0,165.0,55.0,United States,1988,Athletics Women's 400 meters,
Joslyn Yvonne Hoyte-Smith,F,25.0,163.0,52.0,Great Britain,1980,Athletics Women's 400 meters,
Magorzata Houb,F,23.0,168.0,57.0,Poland,2016,Athletics Women's 400 meters,
"Penelope Christine ""Penny"" Hunt (-Haworth)",F,24.0,168.0,59.0,New Zealand,1972,Athletics Women's 400 meters,
Safia Abukar Hussein,F,19.0,168.0,56.0,Somalia,2000,Athletics Women's 400 meters,
Jayamini Illeperuma,F,25.0,160.0,46.0,Sri Lanka,1992,Athletics Women's 400 meters,
Sheila Rena Ingram,F,19.0,161.0,51.0,United States,1976,Athletics Women's 400 meters,
Mariya Leontyevna Itkina,F,32.0,166.0,62.0,Soviet Union,1964,Athletics Women's 400 meters,
Shericka Jackson,F,22.0,173.0,61.0,Jamaica,2016,Athletics Women's 400 meters,Bronze
Rita Jahn-Wilden,F,24.0,170.0,57.0,West Germany,1972,Athletics Women's 400 meters,Silver
Rita Jahn-Wilden,F,28.0,170.0,57.0,West Germany,1976,Athletics Women's 400 meters,
Lydia Casey Jele (Mashila-),F,26.0,172.0,54.0,Botswana,2016,Athletics Women's 400 meters,
Jocelyn Joseph,F,20.0,181.0,54.0,Antigua and Barbuda,1984,Athletics Women's 400 meters,
Krystyna Barbara Kacperczyk (Hryniewicka-),F,23.0,168.0,60.0,Poland,1972,Athletics Women's 400 meters,
Karoline Kfer (-Steringer),F,17.0,165.0,60.0,Austria,1972,Athletics Women's 400 meters,
Karoline Kfer (-Steringer),F,25.0,165.0,60.0,Austria,1980,Athletics Women's 400 meters,
Natasha E. Kaiser-Brown,F,25.0,175.0,59.0,United States,1992,Athletics Women's 400 meters,
Alissa Kallinikou,F,23.0,170.0,54.0,Cyprus,2008,Athletics Women's 400 meters,
Arda Kalpakian,F,28.0,152.0,42.0,Lebanon,1972,Athletics Women's 400 meters,
Anastasiya Aleksandrovna Kapachinskaya,F,28.0,176.0,62.0,Russia,2008,Athletics Women's 400 meters,
Mary-Estelle Kapalu (-Mahuk),F,25.0,164.0,57.0,Vanuatu,1992,Athletics Women's 400 meters,
Dagmar Ksling (-Lhnenschlo),F,25.0,170.0,59.0,East Germany,1972,Athletics Women's 400 meters,
Mandeep Kaur,F,20.0,156.0,54.0,India,2008,Athletics Women's 400 meters,
Olga Kazi (-Gyulai),F,23.0,167.0,52.0,Hungary,1964,Athletics Women's 400 meters,
Linda Keough (-Staines),F,24.0,174.0,60.0,Great Britain,1988,Athletics Women's 400 meters,
"Mary Elizabeth ""Molly"" Killingbeck",F,25.0,170.0,56.0,Canada,1984,Athletics Women's 400 meters,
"Patricia Ann ""Pat"" Kippax (-Stocking, -Davidson)",F,23.0,170.0,61.0,Great Britain,1964,Athletics Women's 400 meters,
Marita Koch (-Meier),F,19.0,171.0,62.0,East Germany,1976,Athletics Women's 400 meters,
Marita Koch (-Meier),F,23.0,171.0,62.0,East Germany,1980,Athletics Women's 400 meters,Gold
Dijana Koji,F,18.0,173.0,52.0,Bosnia and Herzegovina,2000,Athletics Women's 400 meters,
Nadezhda Leonidovna Kolesnikova-Ilyina,F,23.0,175.0,61.0,Soviet Union,1972,Athletics Women's 400 meters,
Nadezhda Leonidovna Kolesnikova-Ilyina,F,27.0,175.0,61.0,Soviet Union,1976,Athletics Women's 400 meters,
Claudine Komgang Fotsing,F,26.0,170.0,55.0,Cameroon,2000,Athletics Women's 400 meters,
Alimata Kon,F,27.0,,,Cote d'Ivoire,1992,Athletics Women's 400 meters,
Nadda Kotovalov (-Tomsov),F,24.0,171.0,60.0,Czech Republic,1996,Athletics Women's 400 meters,
Olga Ivanovna Kotlyarova,F,20.0,180.0,66.0,Russia,1996,Athletics Women's 400 meters,
Olga Ivanovna Kotlyarova,F,24.0,180.0,66.0,Russia,2000,Athletics Women's 400 meters,
Anna Fyodorovna Kozak,F,22.0,168.0,58.0,Belarus,1996,Athletics Women's 400 meters,
Jarmila Kratochvlov,F,29.0,171.0,68.0,Czechoslovakia,1980,Athletics Women's 400 meters,Silver
Antonina Vladimirovna Krivoshapka,F,25.0,168.0,59.0,Russia,2012,Athletics Women's 400 meters,
Mariam Kromah,F,22.0,,,Liberia,2016,Athletics Women's 400 meters,
Vijona Kryeziu,F,18.0,167.0,51.0,Kosovo,2016,Athletics Women's 400 meters,
Anastasiya Valeryevna Kudinova,F,28.0,176.0,60.0,Kazakhstan,2016,Athletics Women's 400 meters,
"Alapurackal ""Mercy"" Kuttan-Mathews",F,27.0,164.0,51.0,India,1988,Athletics Women's 400 meters,
Farida Kyakutewa,F,26.0,173.0,57.0,Uganda,1988,Athletics Women's 400 meters,
Maeve Esther Enid Kyle (Shankey-),F,36.0,159.0,57.0,Ireland,1964,Athletics Women's 400 meters,
"Theodora ""Dora"" Kyriakou",F,29.0,167.0,60.0,Cyprus,1996,Athletics Women's 400 meters,
Blanca Lacambra Siz,F,23.0,165.0,53.0,Spain,1988,Athletics Women's 400 meters,
Xiomara Cecilia Larios Toruo,F,21.0,152.0,47.0,Nicaragua,1980,Athletics Women's 400 meters,
Gunta Latieva-udare,F,21.0,178.0,68.0,Latvia,2016,Athletics Women's 400 meters,
Niculina Lazarciuc (Lungu-),F,22.0,171.0,54.0,Romania,1980,Athletics Women's 400 meters,
Lillie Mae Leatherwood (-King),F,20.0,168.0,56.0,United States,1984,Athletics Women's 400 meters,
velyne Lebret (-Renard),F,26.0,169.0,63.0,France,1964,Athletics Women's 400 meters,
"Verena ""Vreni"" Leiser (-Vogt)",F,26.0,167.0,57.0,Switzerland,1972,Athletics Women's 400 meters,
Verneta Cheryll Lesforis,F,25.0,163.0,52.0,Saint Lucia,2000,Athletics Women's 400 meters,
Tamsyn Carolyn Lewis (-Manou),F,30.0,173.0,60.0,Australia,2008,Athletics Women's 400 meters,
Michelle Maree Lock (-Giles),F,25.0,168.0,58.0,Australia,1992,Athletics Women's 400 meters,
Alina Viktorivna Lohvynenko,F,22.0,180.0,67.0,Ukraine,2012,Athletics Women's 400 meters,
Gabriele Lwe (Kotte-),F,21.0,172.0,60.0,East Germany,1980,Athletics Women's 400 meters,
Oksana Luneva,F,21.0,173.0,58.0,Kyrgyzstan,2000,Athletics Women's 400 meters,
Oksana Luneva,F,25.0,173.0,58.0,Kyrgyzstan,2004,Athletics Women's 400 meters,
Linsey Tarrel MacDonald,F,16.0,160.0,43.0,Great Britain,1980,Athletics Women's 400 meters,
Maziah Mahusin,F,19.0,163.0,51.0,Brunei,2012,Athletics Women's 400 meters,
Erna Maisack (-Kreten),F,22.0,166.0,56.0,Germany,1964,Athletics Women's 400 meters,
Sophie Malbranque (-Louette),F,20.0,170.0,62.0,France,1980,Athletics Women's 400 meters,
"Maicel Donee Malone (-Wallace, -Trapp)",F,27.0,176.0,61.0,United States,1996,Athletics Women's 400 meters,
Mariama Mamoudou Ittatou,F,19.0,169.0,64.0,Niger,2016,Athletics Women's 400 meters,
Ruth Mangue Nve,F,17.0,,,Equatorial Guinea,1992,Athletics Women's 400 meters,
Melrose Mansaray,F,20.0,165.0,56.0,Sierra Leone,1992,Athletics Women's 400 meters,
Melrose Mansaray,F,24.0,165.0,56.0,Sierra Leone,1996,Athletics Women's 400 meters,
Aida Mantawel,F,22.0,160.0,58.0,Philippines,1972,Athletics Women's 400 meters,
Yana Manuylova,F,24.0,177.0,67.0,Ukraine,1996,Athletics Women's 400 meters,
Jenna Martin (-Evans),F,24.0,173.0,65.0,Canada,2012,Athletics Women's 400 meters,
Graciela Martins,F,25.0,166.0,60.0,Guinea Bissau,2012,Athletics Women's 400 meters,
Marina Vladimirovna Maslyonko,F,30.0,164.0,57.0,Kazakhstan,2012,Athletics Women's 400 meters,
Acacia Mate,F,,,,Mozambique,1980,Athletics Women's 400 meters,
Marie Lande Mathieu,F,27.0,161.0,55.0,Puerto Rico,1984,Athletics Women's 400 meters,
Myra Mayberry-Wilkinson,F,27.0,170.0,58.0,Puerto Rico,1992,Athletics Women's 400 meters,
Lee McConnell,F,25.0,178.0,63.0,Great Britain,2004,Athletics Women's 400 meters,
Lee McConnell,F,29.0,178.0,63.0,Great Britain,2008,Athletics Women's 400 meters,
Lee McConnell,F,33.0,178.0,63.0,Great Britain,2012,Athletics Women's 400 meters,
Francena Lynette McCorory,F,23.0,171.0,68.0,United States,2012,Athletics Women's 400 meters,
Stephenie Ann McPherson,F,27.0,173.0,57.0,Jamaica,2016,Athletics Women's 400 meters,
Gabriela Elizabeth Medina Solrzano,F,23.0,160.0,55.0,Mexico,2008,Athletics Women's 400 meters,
Zonia Patricia Meigham Jurez,F,30.0,170.0,56.0,Guatemala,1984,Athletics Women's 400 meters,
Mara Julia Merino Garca,F,21.0,171.0,61.0,Spain,1992,Athletics Women's 400 meters,
Katharine Merry,F,25.0,173.0,62.0,Great Britain,2000,Athletics Women's 400 meters,Bronze
Anne Michel,F,20.0,172.0,60.0,Belgium,1980,Athletics Women's 400 meters,
Elina Dmitriyevna Mikhina,F,22.0,170.0,55.0,Kazakhstan,2016,Athletics Women's 400 meters,
Jearl Atawa Miles-Clark,F,25.0,170.0,60.0,United States,1992,Athletics Women's 400 meters,
Jearl Atawa Miles-Clark,F,29.0,170.0,60.0,United States,1996,Athletics Women's 400 meters,
Shaunae Miller (-Uibo),F,18.0,185.0,69.0,Bahamas,2012,Athletics Women's 400 meters,
Shaunae Miller (-Uibo),F,22.0,185.0,69.0,Bahamas,2016,Athletics Women's 400 meters,Gold
"Zeina El-Jas Boulos Neaimi ""Mina""",F,21.0,167.0,65.0,Lebanon,1984,Athletics Women's 400 meters,
ana Minina (-epunova),F,23.0,174.0,58.0,Lithuania,2000,Athletics Women's 400 meters,
Morgan Mitchell,F,21.0,177.0,63.0,Australia,2016,Athletics Women's 400 meters,
Awmima Mohamed,F,15.0,168.0,64.0,Sudan,2000,Athletics Women's 400 meters,
Amantle Montsho,F,21.0,173.0,57.0,Botswana,2004,Athletics Women's 400 meters,
Amantle Montsho,F,25.0,173.0,57.0,Botswana,2008,Athletics Women's 400 meters,
Amantle Montsho,F,29.0,173.0,57.0,Botswana,2012,Athletics Women's 400 meters,
Ann Mooney,F,25.0,,,Papua New Guinea,2000,Athletics Women's 400 meters,
Ruth Leona Morris,F,25.0,170.0,64.0,United States Virgin Islands,1988,Athletics Women's 400 meters,
Ruth Leona Morris,F,29.0,170.0,64.0,United States Virgin Islands,1992,Athletics Women's 400 meters,
Una Lorraine Morris (-Chong),F,17.0,180.0,58.0,Jamaica,1964,Athletics Women's 400 meters,
Una Lorraine Morris (-Chong),F,21.0,180.0,58.0,Jamaica,1968,Athletics Women's 400 meters,
Carline Muir,F,20.0,170.0,65.0,Canada,2008,Athletics Women's 400 meters,
Carline Muir,F,28.0,170.0,65.0,Canada,2016,Athletics Women's 400 meters,
Petra Mller (-Schersing),F,23.0,180.0,67.0,East Germany,1988,Athletics Women's 400 meters,Silver
Grace Muneene,F,17.0,170.0,58.0,Zambia,1972,Athletics Women's 400 meters,
Antnia Munkcsi,F,25.0,166.0,55.0,Hungary,1964,Athletics Women's 400 meters,
Antnia Munkcsi,F,29.0,166.0,55.0,Hungary,1968,Athletics Women's 400 meters,
Kabange Mupopo,F,23.0,170.0,62.0,Zambia,2016,Athletics Women's 400 meters,
Donna-Marie Louise Murray-Hartley (-Wass),F,21.0,170.0,55.0,Great Britain,1976,Athletics Women's 400 meters,
Maryan Nuh Muse,F,19.0,,,Somalia,2016,Athletics Women's 400 meters,
Ngozi Mwanamwambwa (-Asinga),F,21.0,,,Zambia,1992,Athletics Women's 400 meters,
Ngozi Mwanamwambwa (-Asinga),F,25.0,,,Zambia,1996,Athletics Women's 400 meters,
"Sandra ""Sandy"" Myers Brown",F,35.0,168.0,58.0,Spain,1996,Athletics Women's 400 meters,
Kirsi Pauliina Mykknen,F,26.0,170.0,54.0,Finland,2004,Athletics Women's 400 meters,
Rachael Nachula,F,18.0,164.0,60.0,Zambia,2008,Athletics Women's 400 meters,
Kaltouma Nadjina,F,23.0,170.0,59.0,Chad,2000,Athletics Women's 400 meters,
Kaltouma Nadjina,F,27.0,170.0,59.0,Chad,2004,Athletics Women's 400 meters,
"Bethanie Anne ""Beth"" Nail (-Kearney)",F,20.0,168.0,57.0,Australia,1976,Athletics Women's 400 meters,
Salwa Eid Naser,F,18.0,168.0,54.0,Bahrain,2016,Athletics Women's 400 meters,
Lee Michelle Naylor,F,25.0,166.0,58.0,Australia,1996,Athletics Women's 400 meters,
Lee Michelle Naylor,F,29.0,166.0,58.0,Australia,2000,Athletics Women's 400 meters,
Irina Viktorovna Nazarova (Bagryantseva-),F,22.0,170.0,58.0,Soviet Union,1980,Athletics Women's 400 meters,
Nataliya Viktorovna Nazarova,F,21.0,168.0,57.0,Russia,2000,Athletics Women's 400 meters,
Nataliya Viktorovna Nazarova,F,25.0,168.0,57.0,Russia,2004,Athletics Women's 400 meters,
Olga Vladimirovna Nazarova,F,23.0,168.0,57.0,Soviet Union,1988,Athletics Women's 400 meters,Bronze
Olga Vladimirovna Nazarova,F,27.0,168.0,57.0,Unified Team,1992,Athletics Women's 400 meters,
Clstine N'Drin,F,12.0,169.0,56.0,Cote d'Ivoire,1976,Athletics Women's 400 meters,
Clstine N'Drin,F,25.0,169.0,56.0,Cote d'Ivoire,1988,Athletics Women's 400 meters,
Phumlile Ndzinisa,F,19.0,170.0,57.0,Swaziland,2012,Athletics Women's 400 meters,
Dagmar Neubauer (Rbsam-),F,26.0,170.0,58.0,East Germany,1988,Athletics Women's 400 meters,
Marilyn Fay Neufville,F,23.0,165.0,55.0,Jamaica,1976,Athletics Women's 400 meters,
Mireille Florine Nguimgo,F,23.0,174.0,60.0,Cameroon,2000,Athletics Women's 400 meters,
Mireille Florine Nguimgo,F,27.0,174.0,60.0,Cameroon,2004,Athletics Women's 400 meters,
Nguyn Th Huyn,F,23.0,158.0,45.0,Vietnam,2016,Athletics Women's 400 meters,
Lasnet Lelisse Nkouka,F,18.0,170.0,59.0,Congo (Brazzaville),1988,Athletics Women's 400 meters,
Monique Noirot (Wideman-),F,27.0,162.0,52.0,France,1968,Athletics Women's 400 meters,
Juliana Obiong Nzang,F,22.0,158.0,49.0,Equatorial Guinea,1988,Athletics Women's 400 meters,
"Muizat Ajoke ""AJ"" Odumosu Alademerin",F,20.0,165.0,59.0,Nigeria,2008,Athletics Women's 400 meters,
Kiyoki Ogawa,F,17.0,161.0,50.0,Japan,1964,Athletics Women's 400 meters,
Falilat Ogunkoya (-Osheku),F,27.0,172.0,66.0,Nigeria,1996,Athletics Women's 400 meters,Bronze
Falilat Ogunkoya (-Osheku),F,31.0,172.0,66.0,Nigeria,2000,Athletics Women's 400 meters,
Christine Ijeoma Chika Ohuruogu,F,20.0,172.0,70.0,Great Britain,2004,Athletics Women's 400 meters,
Christine Ijeoma Chika Ohuruogu,F,24.0,172.0,70.0,Great Britain,2008,Athletics Women's 400 meters,Gold
Christine Ijeoma Chika Ohuruogu,F,28.0,172.0,70.0,Great Britain,2012,Athletics Women's 400 meters,Silver
Christine Ijeoma Chika Ohuruogu,F,32.0,172.0,70.0,Great Britain,2016,Athletics Women's 400 meters,
Yuliya Anatolivna Olishevska,F,27.0,167.0,58.0,Ukraine,2016,Athletics Women's 400 meters,
Grayna Oliszewska (-Baumgarten),F,20.0,161.0,58.0,Poland,1980,Athletics Women's 400 meters,
Ilrey Oliver (-Sparks),F,21.0,170.0,57.0,Jamaica,1984,Athletics Women's 400 meters,
Omolara Omotosho,F,19.0,152.0,50.0,Nigeria,2012,Athletics Women's 400 meters,
Omolara Omotosho,F,23.0,152.0,50.0,Nigeria,2016,Athletics Women's 400 meters,
Charity Opara (-Asonze),F,28.0,170.0,60.0,Nigeria,2000,Athletics Women's 400 meters,
Irn Orosz-rva,F,21.0,168.0,50.0,Hungary,1972,Athletics Women's 400 meters,
Eugenia Osho-Williams,F,19.0,183.0,55.0,Sierra Leone,1980,Athletics Women's 400 meters,
Denise Ouabangui,F,28.0,166.0,58.0,Central African Republic,1996,Athletics Women's 400 meters,
Tanya Oxley,F,21.0,180.0,60.0,Barbados,2000,Athletics Women's 400 meters,
Ann Elizabeth Packer (-Brightwell),F,22.0,169.0,57.0,Great Britain,1964,Athletics Women's 400 meters,Silver
Yennifer Padilla Gonzlez,F,22.0,187.0,62.0,Colombia,2012,Athletics Women's 400 meters,
Ilona Pl (-Pldi),F,25.0,173.0,59.0,Hungary,1980,Athletics Women's 400 meters,
Justine Palframan,F,22.0,171.0,59.0,South Africa,2016,Athletics Women's 400 meters,
"Argentina de Glria ""Tina"" Paulino",F,19.0,166.0,61.0,Mozambique,1992,Athletics Women's 400 meters,
Jelica Pavlii (-tefani),F,22.0,176.0,64.0,Yugoslavia,1976,Athletics Women's 400 meters,
Marita Arthur Payne Wiggins,F,23.0,173.0,57.0,Canada,1984,Athletics Women's 400 meters,
Marita Arthur Payne Wiggins,F,27.0,173.0,57.0,Canada,1988,Athletics Women's 400 meters,
Nataliya Aleksandrovna Pechonkina-Chistyakova (Burda-),F,22.0,176.0,63.0,Soviet Union,1968,Athletics Women's 400 meters,Bronze
Nataliya Aleksandrovna Pechonkina-Chistyakova (Burda-),F,26.0,176.0,63.0,Soviet Union,1972,Athletics Women's 400 meters,
Aurelia Catalina Pentn Conde,F,27.0,169.0,55.0,Cuba,1968,Athletics Women's 400 meters,
Aurelia Catalina Pentn Conde,F,31.0,169.0,55.0,Cuba,1972,Athletics Women's 400 meters,
Marie-Jos Juliana Prec (Hontas-),F,24.0,180.0,60.0,France,1992,Athletics Women's 400 meters,Gold
Marie-Jos Juliana Prec (Hontas-),F,28.0,180.0,60.0,France,1996,Athletics Women's 400 meters,Gold
Kristina Perica,F,20.0,174.0,59.0,Croatia,2000,Athletics Women's 400 meters,
"Nova Maree Peris-Kneebone (-Batman, -Appleton)",F,29.0,170.0,56.0,Australia,2000,Athletics Women's 400 meters,
Barbara Petrhn,F,21.0,170.0,56.0,Hungary,2000,Athletics Women's 400 meters,
Barbara Petrhn,F,29.0,170.0,56.0,Hungary,2008,Athletics Women's 400 meters,
Prisca Philip (-Polzine),F,24.0,,,Barbados,1992,Athletics Women's 400 meters,
Danuta Zdzisawa Piecyk,F,21.0,179.0,63.0,Poland,1972,Athletics Women's 400 meters,
Noodang Pimpol,F,23.0,162.0,50.0,Thailand,1992,Athletics Women's 400 meters,
Yelena Vitalyevna Piskunova,F,20.0,173.0,62.0,Uzbekistan,2000,Athletics Women's 400 meters,
Rene Elise Poetschka,F,21.0,174.0,56.0,Australia,1992,Athletics Women's 400 meters,
Rene Elise Poetschka,F,25.0,174.0,56.0,Australia,1996,Athletics Women's 400 meters,
Aliann Tabitha Omalara Pompey,F,22.0,168.0,55.0,Guyana,2000,Athletics Women's 400 meters,
Aliann Tabitha Omalara Pompey,F,26.0,168.0,55.0,Guyana,2004,Athletics Women's 400 meters,
Aliann Tabitha Omalara Pompey,F,30.0,168.0,55.0,Guyana,2008,Athletics Women's 400 meters,
Aliann Tabitha Omalara Pompey,F,34.0,168.0,55.0,Guyana,2012,Athletics Women's 400 meters,
Tiandra Tamika Ponteen,F,19.0,168.0,55.0,Saint Kitts and Nevis,2004,Athletics Women's 400 meters,
Tiandra Tamika Ponteen,F,23.0,168.0,55.0,Saint Kitts and Nevis,2008,Athletics Women's 400 meters,
Svetlana Pospelova,F,20.0,170.0,60.0,Russia,2000,Athletics Women's 400 meters,
Michelle Probert-Scutt,F,20.0,170.0,56.0,Great Britain,1980,Athletics Women's 400 meters,
Michelle Probert-Scutt,F,24.0,170.0,56.0,Great Britain,1984,Athletics Women's 400 meters,
Grayna Prokopek-Janacek,F,27.0,168.0,56.0,Poland,2004,Athletics Women's 400 meters,
Iveta Putalov,F,28.0,173.0,60.0,Slovakia,2016,Athletics Women's 400 meters,
Nataliya Serhivna Pyhyda,F,31.0,170.0,58.0,Ukraine,2012,Athletics Women's 400 meters,
"Mailvaganam ""Mary"" Rajamani",F,20.0,179.0,62.0,Malaysia,1964,Athletics Women's 400 meters,
Ramazangiin Aldaa-nysh,F,18.0,171.0,51.0,Mongolia,1964,Athletics Women's 400 meters,
"Catherine Ann ""Cathy"" Rattray-Williams (-Samuel)",F,20.0,160.0,52.0,Jamaica,1984,Athletics Women's 400 meters,
"Catherine Ann ""Cathy"" Rattray-Williams (-Samuel)",F,25.0,160.0,52.0,Jamaica,1988,Athletics Women's 400 meters,
Bianca Denisa Rzor,F,17.0,170.0,59.0,Romania,2012,Athletics Women's 400 meters,
Bianca Denisa Rzor,F,21.0,170.0,59.0,Romania,2016,Athletics Women's 400 meters,
Hazel-Ann Regis,F,19.0,157.0,64.0,Grenada,2000,Athletics Women's 400 meters,
Hazel-Ann Regis,F,23.0,157.0,64.0,Grenada,2004,Athletics Women's 400 meters,
Charlene Louise Rendina (Neighbour-),F,24.0,162.0,54.0,Australia,1972,Athletics Women's 400 meters,
Ximena Restrepo Gaviria,F,23.0,175.0,58.0,Colombia,1992,Athletics Women's 400 meters,Bronze
Ximena Restrepo Gaviria,F,27.0,175.0,58.0,Colombia,1996,Athletics Women's 400 meters,
"Alexandra Angela ""Sandie"" Richards",F,19.0,175.0,67.0,Jamaica,1988,Athletics Women's 400 meters,
"Alexandra Angela ""Sandie"" Richards",F,23.0,175.0,67.0,Jamaica,1992,Athletics Women's 400 meters,
"Alexandra Angela ""Sandie"" Richards",F,27.0,175.0,67.0,Jamaica,1996,Athletics Women's 400 meters,
"Alexandra Angela ""Sandie"" Richards",F,31.0,175.0,67.0,Jamaica,2000,Athletics Women's 400 meters,
Sanya Richards-Ross,F,19.0,173.0,62.0,United States,2004,Athletics Women's 400 meters,
Sanya Richards-Ross,F,23.0,173.0,62.0,United States,2008,Athletics Women's 400 meters,Bronze
Sanya Richards-Ross,F,27.0,173.0,62.0,United States,2012,Athletics Women's 400 meters,Gold
"Jillian Cheryl ""Jill"" Richardson-Briscoe",F,23.0,172.0,59.0,Canada,1988,Athletics Women's 400 meters,
"Jillian Cheryl ""Jill"" Richardson-Briscoe",F,27.0,172.0,59.0,Canada,1992,Athletics Women's 400 meters,
Hristina Risteska,F,20.0,168.0,60.0,Macedonia,2012,Athletics Women's 400 meters,
Helen Ritter,F,18.0,158.0,47.0,Liechtenstein,1976,Athletics Women's 400 meters,
Elsy Rivas,F,23.0,166.0,60.0,Colombia,1972,Athletics Women's 400 meters,
Jean Antoinette Robotham Gourzong,F,24.0,155.0,51.0,Costa Rica,1968,Athletics Women's 400 meters,
Carol Ann Rodrguez Taylor,F,22.0,175.0,65.0,Puerto Rico,2008,Athletics Women's 400 meters,
Carol Ann Rodrguez Taylor,F,26.0,175.0,65.0,Puerto Rico,2012,Athletics Women's 400 meters,
Janette Veronica Roscoe (Champion-),F,26.0,169.0,56.0,Great Britain,1972,Athletics Women's 400 meters,
Shermaine Ross,F,20.0,,,Grenada,1992,Athletics Women's 400 meters,
Allison Joan Ross-Edwards (-Hodgson),F,19.0,175.0,62.0,Australia,1972,Athletics Women's 400 meters,
Erica Rossi,F,24.0,178.0,61.0,Italy,1980,Athletics Women's 400 meters,
Erica Rossi,F,28.0,178.0,61.0,Italy,1984,Athletics Women's 400 meters,
"Anneliese ""Annie"" Rubie",F,24.0,171.0,58.0,Australia,2016,Athletics Women's 400 meters,
Anja Rcker,F,19.0,174.0,58.0,Germany,1992,Athletics Women's 400 meters,
Anette Rckes (-Vater-Hlsdnker),F,20.0,177.0,64.0,West Germany,1972,Athletics Women's 400 meters,
Otilia Silvia Ruicu (-Esanu),F,22.0,172.0,52.0,Romania,2000,Athletics Women's 400 meters,
Olena Rurak,F,24.0,168.0,58.0,Ukraine,1996,Athletics Women's 400 meters,
Olena Rurak,F,28.0,168.0,58.0,Ukraine,2000,Athletics Women's 400 meters,
"Geertruida Hendrika ""Trudy"" Ruth (-Wunderink)",F,22.0,172.0,59.0,Netherlands,1972,Athletics Women's 400 meters,
Yelena Ivanovna Ruzina (Rykunova-),F,28.0,173.0,58.0,Unified Team,1992,Athletics Women's 400 meters,
Joyce Sadowick-Yakubowich,F,19.0,171.0,56.0,Canada,1972,Athletics Women's 400 meters,
Joyce Sadowick-Yakubowich,F,23.0,171.0,56.0,Canada,1976,Athletics Women's 400 meters,
Pnar Saka,F,26.0,163.0,54.0,Turkey,2012,Athletics Women's 400 meters,
Joy Nakhumicha Sakari,F,26.0,170.0,60.0,Kenya,2012,Athletics Women's 400 meters,
Tamara Salaki,F,27.0,165.0,54.0,Serbia,2016,Athletics Women's 400 meters,
Riitta Liisa Salin (Hagman-),F,25.0,175.0,58.0,Finland,1976,Athletics Women's 400 meters,
Maria Samungi (-Tatar),F,29.0,166.0,58.0,Romania,1980,Athletics Women's 400 meters,
Raysa Melany Snchez Alvarez,F,24.0,178.0,61.0,Dominican Republic,2012,Athletics Women's 400 meters,
Nicola Clare Sanders,F,26.0,171.0,57.0,Great Britain,2008,Athletics Women's 400 meters,
Kamaljit Kaur Sandhu (-Kooner),F,24.0,168.0,60.0,India,1972,Athletics Women's 400 meters,
"Debora Elaine ""Debra"" Sapenter (-Speight, -Christopher)",F,24.0,170.0,52.0,United States,1976,Athletics Women's 400 meters,
May Wafic Sardouk,F,25.0,173.0,60.0,Lebanon,1988,Athletics Women's 400 meters,
Yvonne Saunders (-Mondesire),F,20.0,165.0,54.0,Jamaica,1972,Athletics Women's 400 meters,
Gertrud Schmidt (-Lohse),F,22.0,162.0,58.0,Germany,1964,Athletics Women's 400 meters,
Heike Schulte-Mattler (Schmidt-),F,26.0,170.0,54.0,West Germany,1984,Athletics Women's 400 meters,
Jarvis Lavonne Scott (-Jones),F,21.0,174.0,53.0,United States,1968,Athletics Women's 400 meters,
Helga Seidler (Fischer-),F,23.0,166.0,55.0,East Germany,1972,Athletics Women's 400 meters,
Rachidatou Seini Maikido,F,19.0,,,Niger,2008,Athletics Women's 400 meters,
Barbara A. Selkridge (-Abbey),F,17.0,175.0,59.0,Antigua and Barbuda,1988,Athletics Women's 400 meters,
Heide Seerling (-Quinn),F,24.0,168.0,55.0,South Africa,2000,Athletics Women's 400 meters,
Klodiana Shala,F,21.0,168.0,52.0,Albania,2000,Athletics Women's 400 meters,
Klodiana Shala,F,28.0,168.0,52.0,Albania,2008,Athletics Women's 400 meters,
Nirmala Sheoran,F,21.0,,,India,2016,Athletics Women's 400 meters,
Channa Shezifi (-Zadik),F,24.0,157.0,49.0,Israel,1968,Athletics Women's 400 meters,
Karen Shinkins (-Doyle),F,23.0,163.0,53.0,Ireland,2000,Athletics Women's 400 meters,
Corinne Simasotchi,F,25.0,170.0,57.0,Switzerland,1996,Athletics Women's 400 meters,
Nathalie Simon (-Chevallier),F,26.0,171.0,59.0,France,1988,Athletics Women's 400 meters,
Janet Mary Simpson (-Clerc),F,24.0,166.0,65.0,Great Britain,1968,Athletics Women's 400 meters,
Janet Mary Simpson (-Clerc),F,27.0,166.0,65.0,Great Britain,1972,Athletics Women's 400 meters,
"Ambwene ""Amber"" Simukonda",F,28.0,170.0,70.0,Malawi,2012,Athletics Women's 400 meters,
Josephine Mary Singarayar,F,21.0,168.0,50.0,Malaysia,1988,Athletics Women's 400 meters,
Eva Ann-Louise Skoglund,F,18.0,174.0,58.0,Sweden,1980,Athletics Women's 400 meters,
"Kathryn Jane ""Kathy"" Smallwood-Cook",F,24.0,180.0,64.0,Great Britain,1984,Athletics Women's 400 meters,Bronze
Linda Janell Smith (-Carson),F,17.0,169.0,57.0,United States,1964,Athletics Women's 400 meters,
Phylis J. Smith (-Watt),F,26.0,169.0,62.0,Great Britain,1992,Athletics Women's 400 meters,
Phylis J. Smith (-Watt),F,30.0,169.0,62.0,Great Britain,1996,Athletics Women's 400 meters,
Nataliya Dmitriyevna Sokolova (Kulichkova-),F,26.0,164.0,55.0,Soviet Union,1976,Athletics Women's 400 meters,
Jacqueline Mercedes Solz Inturias,F,27.0,162.0,50.0,Bolivia,1992,Athletics Women's 400 meters,
Joelma das Neves Sousa,F,28.0,172.0,49.0,Brazil,2012,Athletics Women's 400 meters,
Ruth Sophia Spelmeyer,F,25.0,173.0,59.0,Germany,2016,Athletics Women's 400 meters,
Patrizia Spuri (-Donato),F,23.0,170.0,60.0,Italy,1996,Athletics Women's 400 meters,
Reawadee Srithoa (-Watanasin),F,15.0,167.0,59.0,Thailand,1984,Athletics Women's 400 meters,
Rositsa Shyanova Stamenova (-Khristova),F,25.0,167.0,53.0,Bulgaria,1980,Athletics Women's 400 meters,
Rochelle Stevens,F,25.0,173.0,58.0,United States,1992,Athletics Women's 400 meters,
Zoila Rosa Stewart Lee,F,23.0,165.0,53.0,Costa Rica,1992,Athletics Women's 400 meters,
Zoila Rosa Stewart Lee,F,27.0,165.0,53.0,Costa Rica,1996,Athletics Women's 400 meters,
Melissa Natasha Straker-Taylor,F,20.0,181.0,71.0,Barbados,1996,Athletics Women's 400 meters,
Eivor Mona-Lisa Strandvall-Pursiainen,F,21.0,170.0,57.0,Finland,1972,Athletics Women's 400 meters,
Yolande Patricia Straughn (-Phillips),F,20.0,155.0,50.0,Barbados,1988,Athletics Women's 400 meters,
"Margaret ""Marg"" Stride (McGowen-)",F,21.0,167.0,61.0,Canada,1976,Athletics Women's 400 meters,
Ellen Strophal-Streidt (-Wendland-),F,23.0,168.0,55.0,East Germany,1976,Athletics Women's 400 meters,Bronze
Esther Stroy (-Fair),F,15.0,160.0,48.0,United States,1968,Athletics Women's 400 meters,
Sun Sumei,F,19.0,170.0,58.0,China,1988,Athletics Women's 400 meters,
Justyna wity,F,23.0,165.0,57.0,Poland,2016,Athletics Women's 400 meters,
Maria Sykora,F,25.0,172.0,62.0,Austria,1972,Athletics Women's 400 meters,
Olga Pavlovna Syrovatskaya-Mineyeva,F,19.0,176.0,58.0,Soviet Union,1972,Athletics Women's 400 meters,
Irena Szewiska-Kirszenstein,F,30.0,176.0,60.0,Poland,1976,Athletics Women's 400 meters,Gold
Irena Szewiska-Kirszenstein,F,34.0,176.0,60.0,Poland,1980,Athletics Women's 400 meters,
Emma Tahapari,F,23.0,160.0,50.0,Indonesia,1984,Athletics Women's 400 meters,
Assatou Tandian (-Ndiaye),F,22.0,172.0,68.0,Senegal,1988,Athletics Women's 400 meters,
Assatou Tandian (-Ndiaye),F,25.0,172.0,68.0,Senegal,1992,Athletics Women's 400 meters,
Susie Tanfo,F,23.0,166.0,62.0,Cameroon,1992,Athletics Women's 400 meters,
Asami Tanno (-Chiba),F,22.0,162.0,49.0,Japan,2008,Athletics Women's 400 meters,
Elena Tr (-Lina),F,25.0,170.0,57.0,Romania,1980,Athletics Women's 400 meters,
Gladys Taylor (-McCormack-Bird),F,23.0,175.0,62.0,Great Britain,1976,Athletics Women's 400 meters,
Olga Alekseyevna Tereshkova,F,23.0,171.0,60.0,Kazakhstan,2008,Athletics Women's 400 meters,
Indira Terrero Letuce,F,22.0,161.0,52.0,Cuba,2008,Athletics Women's 400 meters,
Amy Mback Thiam,F,23.0,183.0,80.0,Senegal,2000,Athletics Women's 400 meters,
Amy Mback Thiam,F,27.0,183.0,80.0,Senegal,2004,Athletics Women's 400 meters,
Amy Mback Thiam,F,35.0,183.0,80.0,Senegal,2012,Athletics Women's 400 meters,
Sandrine Thibaud-Kangni,F,28.0,176.0,65.0,Togo,2004,Athletics Women's 400 meters,
Sandrine Thibaud-Kangni,F,32.0,176.0,65.0,Togo,2008,Athletics Women's 400 meters,
Ute Thimm (Finger-),F,26.0,167.0,54.0,West Germany,1984,Athletics Women's 400 meters,
Ute Thimm (Finger-),F,30.0,167.0,54.0,West Germany,1988,Athletics Women's 400 meters,
Tsholofelo Thipe (Selemela-),F,21.0,153.0,55.0,South Africa,2008,Athletics Women's 400 meters,
Tsholofelo Thipe (Selemela-),F,29.0,153.0,55.0,South Africa,2016,Athletics Women's 400 meters,
Trn Th Ngc Anh,F,22.0,161.0,52.0,Vietnam,1980,Athletics Women's 400 meters,
"De'Hashia Tonnek ""DeeDee"" Trotter",F,21.0,178.0,64.0,United States,2004,Athletics Women's 400 meters,
"De'Hashia Tonnek ""DeeDee"" Trotter",F,25.0,178.0,64.0,United States,2008,Athletics Women's 400 meters,
"De'Hashia Tonnek ""DeeDee"" Trotter",F,29.0,178.0,64.0,United States,2012,Athletics Women's 400 meters,Bronze
Carmen Mnica Truste Lee,F,24.0,162.0,52.0,Cuba,1972,Athletics Women's 400 meters,
Egle Uljas,F,19.0,174.0,55.0,Estonia,2004,Athletics Women's 400 meters,
Svetlana Viktorovna Usovich,F,23.0,164.0,55.0,Belarus,2004,Athletics Women's 400 meters,
Svetlana Viktorovna Usovich,F,31.0,164.0,55.0,Belarus,2012,Athletics Women's 400 meters,
"Hermina Johanna ""Mirna"" van der Hoeven-Jansen",F,20.0,175.0,63.0,Netherlands,1968,Athletics Women's 400 meters,
"Mathilda Catrina ""Tilly"" van der Made-van der Zwaard",F,26.0,168.0,55.0,Netherlands,1964,Athletics Women's 400 meters,
Yvonne van Dorp,F,22.0,175.0,60.0,Netherlands,1988,Athletics Women's 400 meters,
Eirini Vasileiou,F,26.0,169.0,58.0,Greece,2016,Athletics Women's 400 meters,
Kehinde Vaughan,F,18.0,175.0,55.0,Nigeria,1980,Athletics Women's 400 meters,
Ingrda Verbele (-Barkne),F,20.0,186.0,70.0,Soviet Union,1968,Athletics Women's 400 meters,
Josefa Vicent Riesgo,F,18.0,163.0,58.0,Uruguay,1968,Athletics Women's 400 meters,
Josefa Vicent Riesgo,F,22.0,163.0,58.0,Uruguay,1972,Athletics Women's 400 meters,
Ruth Waithera,F,25.0,168.0,61.0,Kenya,1984,Athletics Women's 400 meters,
Rosine Wallez,F,19.0,174.0,58.0,Belgium,1976,Athletics Women's 400 meters,
Rosine Wallez,F,23.0,174.0,58.0,Belgium,1980,Athletics Women's 400 meters,
Karin Elisabeth Wallgren-Lundgren,F,24.0,166.0,56.0,Sweden,1968,Athletics Women's 400 meters,
Karin Elisabeth Wallgren-Lundgren,F,28.0,166.0,56.0,Sweden,1972,Athletics Women's 400 meters,
Marlena Hilari Wesh,F,21.0,167.0,,Haiti,2012,Athletics Women's 400 meters,
Rosemarie Whyte,F,21.0,174.0,65.0,Jamaica,2008,Athletics Women's 400 meters,
Rosemarie Whyte,F,25.0,174.0,65.0,Jamaica,2012,Athletics Women's 400 meters,
Claudine Venice Williams,F,16.0,175.0,62.0,Jamaica,1992,Athletics Women's 400 meters,
Foy Williams,F,27.0,170.0,59.0,Canada,2000,Athletics Women's 400 meters,
Shericka Nicola Williams,F,22.0,170.0,64.0,Jamaica,2008,Athletics Women's 400 meters,Silver
Tonique Williams-Darling,F,24.0,168.0,59.0,Bahamas,2000,Athletics Women's 400 meters,
Tonique Williams-Darling,F,28.0,168.0,59.0,Bahamas,2004,Athletics Women's 400 meters,Gold
Novlene Hilaire Williams-Mills,F,22.0,168.0,57.0,Jamaica,2004,Athletics Women's 400 meters,
Novlene Hilaire Williams-Mills,F,26.0,168.0,57.0,Jamaica,2008,Athletics Women's 400 meters,
Novlene Hilaire Williams-Mills,F,30.0,168.0,57.0,Jamaica,2012,Athletics Women's 400 meters,
Ruth Williams-Simpson,F,22.0,175.0,61.0,Jamaica,1972,Athletics Women's 400 meters,
Ruth Williams-Simpson,F,26.0,175.0,61.0,Jamaica,1976,Athletics Women's 400 meters,
Ruth Williams-Simpson,F,30.0,175.0,61.0,Jamaica,1980,Athletics Women's 400 meters,
Airi Pirjo Maritta Wilmi-Hggman (-Rokkanen),F,25.0,165.0,55.5,Finland,1976,Athletics Women's 400 meters,
Airi Pirjo Maritta Wilmi-Hggman (-Rokkanen),F,29.0,165.0,55.5,Finland,1980,Athletics Women's 400 meters,
Mary Wineberg (Danner-),F,28.0,178.0,62.0,United States,2008,Athletics Women's 400 meters,
Estie Wittstock,F,23.0,172.0,61.0,South Africa,2004,Athletics Women's 400 meters,
Patrycja Wyciszkiewicz,F,22.0,173.0,58.0,Poland,2016,Athletics Women's 400 meters,
Ingrid Yahoska Narvaez,F,18.0,,48.0,Nicaragua,2012,Athletics Women's 400 meters,
Yang Gyeong-Hui,F,17.0,166.0,53.0,South Korea,1988,Athletics Women's 400 meters,
Antonina Oleksandrivna Yefremova,F,23.0,176.0,60.0,Ukraine,2004,Athletics Women's 400 meters,
Antonina Oleksandrivna Yefremova,F,27.0,176.0,60.0,Ukraine,2008,Athletics Women's 400 meters,
Fatima Yusuf-Olukoju,F,25.0,170.0,58.0,Nigeria,1996,Athletics Women's 400 meters,
Monika Zehrt (-Landgraf),F,19.0,168.0,56.0,East Germany,1972,Athletics Women's 400 meters,Gold
Olha Mykolayivna Zemliak,F,26.0,165.0,57.0,Ukraine,2016,Athletics Women's 400 meters,
Boena Zientarska (-Markiewicz),F,19.0,165.0,58.0,Poland,1972,Athletics Women's 400 meters,
Nina Anatolivna Ziuskova,F,28.0,180.0,67.0,Soviet Union,1980,Athletics Women's 400 meters,
Marina ivkovi (Filipovi-),F,25.0,174.0,57.0,Serbia and Montenegro,1996,Athletics Women's 400 meters,
