Name,Sex,Age,Height,Weight,Team,Year,Medal,BMI
Abubakar Abbas Abbas,M,20.0,175.0,66.0,Bahrain,2016,,21.551020408163264
Maher Abbas,M,22.0,178.0,78.0,Lebanon,1988,,24.61810377477591
Moustafa Abdel Naser,M,21.0,176.0,74.0,Libya,1996,,23.889462809917354
Hassane Abdou,M,23.0,185.0,67.0,Comoros,1996,,19.576333089846603
Nagmeldin Ali Abubakr,M,18.0,172.0,63.0,Sudan,2004,,21.295294753921038
Nagmeldin Ali Abubakr,M,22.0,172.0,63.0,Sudan,2008,,21.295294753921038
E. Doan Acarbay,M,21.0,,,Turkey,1948,,
E. Doan Acarbay,M,25.0,,,Turkey,1952,,
Fernando Acevedo Portugues,M,26.0,175.0,65.0,Peru,1972,,21.224489795918366
Joseph Adam,M,27.0,172.0,70.0,Seychelles,1992,,23.66143861546782
Zoltn Adamik,M,23.0,175.0,71.0,Hungary,1952,,23.183673469387756
James Aryee Addy,M,24.0,183.0,75.0,Ghana,1964,,22.39541341933172
Gadi Ado,M,20.0,173.0,61.0,Uganda,1960,,20.38156971499215
Gustavo Hernando Aguirre,M,23.0,185.0,75.0,Argentina,2000,,21.91380569758948
Abdullah Ali Ahmed,M,26.0,181.0,73.0,Libya,1988,,22.282592106468055
Toyoyi Aihara,M,22.0,,,Japan,1936,,
John Creyghton Ainsworth-Davis,M,25.0,,,Great Britain,1920,,
William Michael Jeffrey Akabi-Davis,M,17.0,187.0,58.0,Sierra Leone,1980,,16.586119134090193
Kriss Kezie Uche Chukwu Duru Akabusi,M,25.0,185.0,81.0,Great Britain,1984,,23.66691015339664
Kanji Akagi,M,23.0,,,Japan,1956,,
Kossi Casimir Akoto,M,23.0,167.0,73.0,Togo,1992,,26.175194521137367
Kossi Casimir Akoto,M,27.0,167.0,73.0,Togo,1996,,26.175194521137367
Saeed Ali Al-Adhreai,M,21.0,171.0,64.0,Yemen,2004,,21.887076365377382
Ahmed Mahmoud Al-Assiri,M,24.0,180.0,72.0,Saudi Arabia,1976,,22.22222222222222
Hamdan Awdah Al-Bishi,M,19.0,180.0,70.0,Saudi Arabia,2000,,21.604938271604937
Hamdan Awdah Al-Bishi,M,23.0,180.0,70.0,Saudi Arabia,2004,,21.604938271604937
Mohamed Hamed Al-Bishi,M,20.0,170.0,65.0,Saudi Arabia,1996,,22.491349480968857
Mohamed Jaman Al-Dosari,M,26.0,167.0,60.0,Saudi Arabia,1972,,21.513858510523864
Bahaa Al-Farra,M,21.0,175.0,65.0,Palestine,2012,,21.224489795918366
Sulaiman Juma Obaid Al-Habsi,M,18.0,165.0,60.0,Oman,1988,,22.038567493112946
Rashid Ismail Al-Jirbi,M,,171.0,61.0,United Arab Emirates,1984,,20.861119660750315
Basheer Mohamed Al-Khewani,M,18.0,175.0,68.0,Yemen,2000,,22.20408163265306
Mohamed Amer Al-Rashed Al-Malky,M,21.0,176.0,62.0,Oman,1984,,20.015495867768596
Mohamed Amer Al-Rashed Al-Malky,M,25.0,176.0,62.0,Oman,1988,,20.015495867768596
Mohamed Amer Al-Rashed Al-Malky,M,29.0,176.0,62.0,Oman,1992,,20.015495867768596
Haji Bakr Al-Qahtani,M,23.0,173.0,63.0,Saudi Arabia,1988,,21.04981790236894
Fawzi Dahesh Al-Shammari,M,21.0,185.0,65.0,Kuwait,2000,,18.991964937910883
Fawzi Dahesh Al-Shammari,M,25.0,185.0,65.0,Kuwait,2004,,18.991964937910883
"Josip ""Jozo"" Alebi",M,25.0,177.0,72.0,Yugoslavia,1972,,22.981901752370007
"Josip ""Jozo"" Alebi",M,29.0,177.0,72.0,Yugoslavia,1976,,22.981901752370007
"Josip ""Jozo"" Alebi",M,33.0,177.0,72.0,Yugoslavia,1980,,22.981901752370007
Denis Sergeyevich Alekseyev,M,20.0,185.0,76.0,Russia,2008,,22.20598977355734
Anwar Mohamed Ali,M,25.0,170.0,58.0,Yemen,1996,,20.069204152249135
Mehboob Ali,M,26.0,,,Pakistan,2016,,
Arvid Folke Alnevik (Andersson-),M,28.0,182.0,70.0,Sweden,1948,,21.132713440405748
Jos Manuel lvarez,M,,170.0,,Mexico,1932,,
Solomon Amegatcher,M,21.0,180.0,70.0,Ghana,1992,,21.604938271604937
Mohamed Amir,M,22.0,168.0,64.0,Maldives,1992,,22.675736961451246
Mohamed Amir,M,26.0,168.0,64.0,Maldives,1996,,22.675736961451246
Guillermo J. Amparan,M,,,,Mexico,1924,,
Abdul Karim Ohimai Amu,M,23.0,185.0,77.0,Nigeria,1956,,22.4981738495252
Abdul Karim Ohimai Amu,M,26.0,185.0,77.0,Nigeria,1960,,22.4981738495252
Sotirios Anastasopoulos,M,,,,Greece,1906,,
Juan Carlos Anderson Munz,M,23.0,,,Argentina,1936,,
William Davidson Anderson,M,,,,Great Britain,1906,,
John Bowden Anderton,M,22.0,,,South Africa,1952,,
Daniel Andr,M,18.0,178.0,70.0,Mauritius,1984,,22.093170054286077
"Georges Ivan ""Go"" Andr (Monnard-)",M,30.0,188.0,85.0,France,1920,,24.0493435943866
Frdrique Andrianaivo,M,24.0,176.0,71.0,Madagascar,1972,,22.920971074380166
John A. Anzrah,M,29.0,176.0,70.0,Kenya,1984,,22.598140495867767
Jaime Aparicio Rodewalt ,M,18.0,170.0,63.0,Colombia,1948,,21.79930795847751
Jaime Aparicio Rodewalt ,M,27.0,170.0,63.0,Colombia,1956,,21.79930795847751
"Johan Kellgren ""Kell"" Areskough",M,25.0,175.0,65.0,Sweden,1932,,21.224489795918366
Ricardo Arguello,M,,,,Mexico,1932,,
Vadim Arkhipchuk,M,27.0,182.0,75.0,Soviet Union,1964,,22.642192971863302
douard B. Armand,M,,,,Haiti,1924,,
Gary Armstrong,M,20.0,181.0,65.0,Great Britain,1972,,19.840664204389366
Marcel Arnold,M,22.0,183.0,78.0,Switzerland,1984,,23.29122995610499
John Asare-Antwi,M,24.0,177.0,65.0,Ghana,1960,,20.747550193111813
Charles Asati,M,26.0,178.0,68.0,Kenya,1972,,21.461936624163616
Victor Asirvatham,M,28.0,168.0,60.0,Malaysia,1968,,21.258503401360546
Jos Nicols Astacio,M,21.0,166.0,49.0,El Salvador,1968,,17.78197125852809
Arthur Astley,M,27.0,,,Great Britain,1908,,
"Erik Johannes ""sa"" strm",M,22.0,,,Finland,1924,,
Casimiro Asumu Nze,M,21.0,,,Equatorial Guinea,1996,,
John Cox Atlee,M,25.0,180.0,66.0,United States,1908,,20.37037037037037
Alessandro Attene,M,23.0,183.0,75.0,Italy,2000,,22.39541341933172
James A. Atuti,M,30.0,188.0,80.0,Kenya,1984,,22.634676324128566
Nduka Awazie,M,19.0,172.0,74.0,Nigeria,2000,,25.01352082206598
Horace Godwin Tracy Aylwin,M,21.0,,,Canada,1924,,
Silver Ayoo,M,21.0,188.0,72.0,Uganda,1972,,20.371208691715708
Silver Ayoo,M,29.0,188.0,72.0,Uganda,1980,,20.371208691715708
Sanjay Claude Ayre,M,28.0,188.0,84.0,Jamaica,2008,,23.766410140334994
Alonzo Carl Babers,M,22.0,188.0,70.0,United States,1984,Gold,19.805341783612494
Subul Babo,M,26.0,175.0,65.0,Papua New Guinea,1992,,21.224489795918366
Subul Babo,M,30.0,175.0,65.0,Papua New Guinea,1996,,21.224489795918366
Rolf Erik Vilhelm Back,M,24.0,185.0,69.0,Finland,1952,,20.160701241782323
"Charles James Bacon, Jr.",M,21.0,183.0,77.0,United States,1906,,22.992624443847234
Sunday Bada,M,23.0,188.0,79.0,Nigeria,1992,,22.351742870076958
Sunday Bada,M,27.0,188.0,79.0,Nigeria,1996,,22.351742870076958
Sunday Bada,M,31.0,188.0,79.0,Nigeria,2000,,22.351742870076958
Andrzej Stanisaw Badeski,M,21.0,173.0,68.0,Poland,1964,Bronze,22.720438370810918
Andrzej Stanisaw Badeski,M,25.0,173.0,68.0,Poland,1968,,22.720438370810918
Andrzej Stanisaw Badeski,M,29.0,173.0,68.0,Poland,1972,,22.720438370810918
"Andretti ""Dretti"" Bain",M,22.0,175.0,65.0,Bahamas,2008,,21.224489795918366
Salaheddine Bakar Al-Safi,M,20.0,185.0,68.0,Qatar,2000,,19.868517165814463
Jan Balachowski,M,19.0,183.0,76.0,Poland,1968,,22.694018931589476
Sean Michael Baldock,M,23.0,173.0,73.0,Great Britain,2000,,24.3910588392529
"James Allan ""Jimmy"" Ball",M,25.0,180.0,69.0,Canada,1928,Silver,21.296296296296298
"James Allan ""Jimmy"" Ball",M,29.0,180.0,69.0,Canada,1932,,21.296296296296298
tefan Balok,M,23.0,181.0,72.0,Slovakia,1996,,21.97735111870822
tefan Balok,M,27.0,181.0,72.0,Slovakia,2000,,21.97735111870822
Lewis Simon Banda,M,21.0,170.0,65.0,Zimbabwe,2004,,22.491349480968857
Lewis Simon Banda,M,25.0,170.0,65.0,Zimbabwe,2008,,22.491349480968857
Ferenc Bnhalmi,M,25.0,172.0,64.0,Hungary,1948,,21.63331530557058
Ferenc Bnhalmi,M,29.0,172.0,64.0,Hungary,1952,,21.63331530557058
Purma C. Bannerjee,M,,,,India,1920,,
"Raymond James ""Ray"" Barbuti",M,22.0,183.0,82.0,United States,1928,Gold,24.485652005136014
Nigel Chase Barker,M,23.0,,,Australia,1906,Bronze,
Daundre Barnaby,M,21.0,189.0,75.0,Canada,2012,,20.996052742084487
Lszl Barsi (Tomaschek-),M,23.0,,,Hungary,1928,,
Johann Bartl,M,22.0,,,Czechoslovakia,1928,,
John Lavers Bartram,M,23.0,173.0,68.0,Australia,1948,,22.720438370810918
Daniel Batman,M,19.0,171.0,71.0,Australia,2000,,24.28097534284053
"James Steven ""Jamie"" Baulch (Mills-)",M,27.0,173.0,71.0,Great Britain,2000,,23.722810651876106
Ajanew Bayene,M,20.0,,,Ethiopia,1956,,
Eugne Bayon,M,,,,France,1920,,
Martin Beckmann,M,21.0,,,Germany,1906,,
Alan Richard Bell,M,23.0,190.0,82.0,Great Britain,1980,,22.714681440443215
Marc Bellin du Coteau,M,22.0,,,France,1906,,
Sergio Bello,M,22.0,178.0,70.0,Italy,1964,,22.093170054286077
Sergio Bello,M,26.0,178.0,70.0,Italy,1968,,22.093170054286077
Jean-Didiace Bmou,M,25.0,184.0,71.0,Congo (Brazzaville),1984,,20.97117202268431
Jean-Didiace Bmou,M,29.0,184.0,71.0,Congo (Brazzaville),1988,,20.97117202268431
Lahlou Ben Youns,M,27.0,180.0,75.0,Morocco,1992,,23.14814814814815
"Timothy David ""Tim"" Benjamin",M,22.0,183.0,76.0,Great Britain,2004,,22.694018931589476
Todd Anthony Bennett,M,22.0,170.0,64.0,Great Britain,1984,,22.14532871972318
Todd Anthony Bennett,M,26.0,170.0,64.0,Great Britain,1988,,22.14532871972318
Kent Bede Bernard,M,22.0,185.0,77.0,Trinidad and Tobago,1964,,22.4981738495252
Giuseppe Bernardoni,M,,,,Italy,1920,,
Gilles Bertould,M,19.0,176.0,63.0,France,1968,,20.33832644628099
Gilles Bertould,M,23.0,176.0,63.0,France,1972,,20.33832644628099
Anas Beshr,M,23.0,,,Egypt,2016,,
"Timothy ""Tim"" Bethune",M,22.0,187.0,82.0,Canada,1984,,23.449340844748207
"Lawrence Butler Bradford ""Toby"" Betts",M,19.0,,,South Africa,1924,,
Tegegne Bezabeh,M,23.0,183.0,65.0,Ethiopia,1964,,19.409358296754156
Tegegne Bezabeh,M,27.0,183.0,65.0,Ethiopia,1968,,19.409358296754156
Tegegne Bezabeh,M,30.0,183.0,65.0,Ethiopia,1972,,19.409358296754156
Gyan Prakash Bhalla,M,26.0,,,India,1936,,
Martial Biguet,M,21.0,183.0,68.0,Central African Republic,1992,,20.305174833527428
Martial Biguet,M,25.0,183.0,68.0,Central African Republic,1996,,20.305174833527428
Abdul Rahim bin Ahmed,M,23.0,,,Malaya,1956,,
Klemens Biniakowski,M,25.0,172.0,62.0,Poland,1928,,20.9572742022715
Kalayathumkuzhi Mathews Binu,M,23.0,172.0,61.0,India,2004,,20.619253650621957
Kimitene Biyago,M,21.0,,72.0,Chad,1996,,
Roger Anthony Black,M,26.0,190.0,79.0,Great Britain,1992,,21.883656509695292
Roger Anthony Black,M,30.0,190.0,79.0,Great Britain,1996,Silver,21.883656509695292
Stuart Alexander Black,M,24.0,,,New Zealand,1932,,
Michael Blackwood,M,25.0,190.0,79.0,Jamaica,2004,,21.883656509695292
Michael Blackwood,M,29.0,190.0,79.0,Jamaica,2008,,21.883656509695292
Clyde Amel Blair,M,22.0,,,United States,1904,,
Dennis Anthony Blake,M,21.0,186.0,70.0,Jamaica,1992,,20.233553011908892
Hermann Matthias Blazejczak,M,24.0,179.0,76.0,Germany,1936,,23.719609250647608
Rupert Blch,M,23.0,,,Austria,1952,,
Dixon H. Boardman,M,20.0,,,United States,1900,,
Jean-Pierre Boccardo,M,22.0,188.0,72.0,France,1964,,20.371208691715708
dn Bodor (Krausz-),M,30.0,,,Hungary,1912,,
Glenn Bogue,M,20.0,173.0,67.0,Canada,1976,,22.386314277122523
Raymond Boisset,M,24.0,171.0,72.0,France,1936,,24.622960911049553
Geoffrey Sila Kibet Boit,M,,,,Kenya,1956,,
"David Benjamin ""Dave"" Bolen",M,24.0,175.0,68.0,United States,1948,,22.20408163265306
Jakob Pehr Anatole Dedekind Bolin,M,26.0,,,Sweden,1920,,
"Willem Victor ""Wim"" Bolten",M,23.0,,,Netherlands,1924,,
Giuseppe Bommarito,M,26.0,172.0,64.0,Italy,1960,,21.63331530557058
Naftali Bon,M,23.0,177.0,61.0,Kenya,1968,,19.470777873535702
Liemarvin Bonevacia,M,23.0,185.0,74.0,Individual Olympic Athletes,2012,,21.62162162162162
Liemarvin Bonevacia,M,27.0,185.0,74.0,Netherlands,2016,,21.62162162162162
Schalk David Booysen,M,24.0,,,South Africa,1952,,
Secundino Borabota Epacua,M,23.0,172.0,71.0,Equatorial Guinea,1984,,23.99945916711736
Jacques Borle,M,22.0,180.0,72.0,Belgium,1980,,22.22222222222222
Jonathan Borle,M,20.0,180.0,69.0,Belgium,2008,,21.296296296296298
Jonathan Borle,M,24.0,180.0,69.0,Belgium,2012,,21.296296296296298
Jonathan Borle,M,28.0,180.0,69.0,Belgium,2016,,21.296296296296298
Kvin Borle,M,20.0,180.0,67.0,Belgium,2008,,20.679012345679013
Kvin Borle,M,24.0,180.0,67.0,Belgium,2012,,20.679012345679013
Kvin Borle,M,28.0,180.0,67.0,Belgium,2016,,20.679012345679013
Slobodan Brankovi,M,20.0,190.0,82.0,Yugoslavia,1988,,22.714681440443215
Slobodan Brankovi,M,24.0,190.0,82.0,Individual Olympic Athletes,1992,,22.714681440443215
Gsta Martin Brnnstrm,M,25.0,,,Sweden,1952,,
"Johannes ""Hanns"" Braun",M,25.0,180.0,68.0,Germany,1912,Silver,20.987654320987655
Albert Idel Bravo Morales,M,24.0,199.0,88.0,Venezuela,2012,,22.22166106916492
Albert Idel Bravo Morales,M,28.0,199.0,88.0,Venezuela,2016,,22.22166106916492
Nery Antonio Brenes Crdenas,M,22.0,175.0,70.0,Costa Rica,2008,,22.857142857142858
Nery Antonio Brenes Crdenas,M,26.0,175.0,70.0,Costa Rica,2012,,22.857142857142858
Nery Antonio Brenes Crdenas,M,30.0,175.0,70.0,Costa Rica,2016,,22.857142857142858
Derrick Keith Brew,M,26.0,185.0,81.0,United States,2004,Bronze,23.66691015339664
"Frederick William ""Federico"" Brewster",M,18.0,175.0,64.0,Argentina,1924,,20.897959183673468
Robbie Ian Brightwell,M,20.0,188.0,81.0,Great Britain,1960,,22.91760977818017
Robbie Ian Brightwell,M,24.0,188.0,81.0,Great Britain,1964,,22.91760977818017
"Alfons ""Fons"" Brijdenbach",M,21.0,185.0,77.0,Belgium,1976,,22.4981738495252
"Alfons ""Fons"" Brijdenbach",M,25.0,185.0,77.0,Belgium,1980,,22.4981738495252
"George Melbourne ""Mel"" Brock",M,24.0,181.0,78.0,Canada,1912,,23.808797045267237
"Henricus Adrianus ""Harry"" Broos",M,29.0,,,Netherlands,1928,,
"Christopher Deon ""Chris"" Brown",M,21.0,178.0,75.0,Bahamas,2000,,23.671253629592222
"Christopher Deon ""Chris"" Brown",M,25.0,178.0,75.0,Bahamas,2004,,23.671253629592222
"Christopher Deon ""Chris"" Brown",M,29.0,178.0,75.0,Bahamas,2008,,23.671253629592222
"Christopher Deon ""Chris"" Brown",M,33.0,178.0,75.0,Bahamas,2012,,23.671253629592222
"Christopher Deon ""Chris"" Brown",M,37.0,178.0,75.0,Bahamas,2016,,23.671253629592222
Arthur Godfrey Kilner Brown,M,21.0,183.0,70.0,Great Britain,1936,Silver,20.90238585804294
"Philip Andrew ""Phil"" Brown",M,22.0,180.0,73.0,Great Britain,1984,,22.530864197530864
Alfred Browne,M,25.0,179.0,72.0,Antigua and Barbuda,1984,,22.47120876377142
Alfred Browne,M,29.0,179.0,72.0,Antigua and Barbuda,1988,,22.47120876377142
Yngvar Bryn,M,18.0,,,Norway,1900,,
Ivano Bucci,M,21.0,180.0,80.0,San Marino,2008,,24.691358024691358
"Joachim ""Jochen"" Bchner",M,23.0,176.0,74.0,Germany,1928,Bronze,23.889462809917354
"Joachim ""Jochen"" Bchner",M,27.0,176.0,74.0,Germany,1932,,23.889462809917354
"Donald Smith ""Don"" Buddo",M,21.0,,,Canada,1908,,
"Samuel Zanya ""Sam"" Bugri",M,25.0,182.0,70.0,Ghana,1968,,21.132713440405748
"Samuel Zanya ""Sam"" Bugri",M,29.0,182.0,70.0,Ghana,1972,,21.132713440405748
Hugh Bullard,M,18.0,170.0,64.0,Bahamas,1960,,22.14532871972318
Manut Bumrungphuk,M,24.0,164.0,63.0,Thailand,1960,,23.423557406305772
Viktor Volodymyrovych Burakov,M,25.0,182.0,73.0,Soviet Union,1980,,22.03840115928028
"Thomas Edmund ""Tom"" Burke",M,21.0,183.0,66.0,United States,1896,Gold,19.707963809011915
Hermann Heinrich Burkowitz,M,20.0,175.0,64.0,Germany,1912,,20.897959183673468
Ezra Ellsworth Burnham,M,21.0,173.0,64.0,Barbados,1968,,21.383941996057334
Faustin Butra,M,28.0,,,Rwanda,1984,,
Guy Montagu Butler,M,20.0,,,Great Britain,1920,Silver,
Guy Montagu Butler,M,24.0,,,Great Britain,1924,Bronze,
Vitaliy Mykolaiovych Butrym,M,21.0,180.0,75.0,Ukraine,2012,,23.14814814814815
Vitaliy Mykolaiovych Butrym,M,25.0,180.0,75.0,Ukraine,2016,,23.14814814814815
Viktor Bychkov,M,26.0,186.0,78.0,Soviet Union,1964,,22.545959070412763
Bror Erik Bylhn,M,26.0,172.0,61.0,Sweden,1924,,20.619253650621957
Daniel Stephen Caines,M,21.0,178.0,73.0,Great Britain,2000,,23.040020199469765
Daniel Stephen Caines,M,25.0,178.0,73.0,Great Britain,2004,,23.040020199469765
"Bertland ""Bert"" Cameron",M,20.0,188.0,79.0,Jamaica,1980,,22.351742870076958
"Bertland ""Bert"" Cameron",M,24.0,188.0,79.0,Jamaica,1984,,22.351742870076958
"Bertland ""Bert"" Cameron",M,28.0,188.0,79.0,Jamaica,1988,,22.351742870076958
Colin William Ashburner Campbell,M,22.0,185.0,76.0,Great Britain,1968,,22.20598977355734
Yves Roger Maurice Camus,M,22.0,,,France,1952,,
David Canal Valero,M,21.0,182.0,75.0,Spain,2000,,22.642192971863302
David Canal Valero,M,25.0,182.0,75.0,Spain,2004,,22.642192971863302
Aldo Canti,M,23.0,185.0,80.0,France,1984,,23.37472607742878
Joo Francisco Capindica,M,21.0,178.0,72.0,Angola,1992,,22.724403484408533
Alejandro Manuel Crdeas Robles,M,21.0,186.0,73.0,Mexico,1996,,21.100705283847844
Alejandro Manuel Crdeas Robles,M,25.0,186.0,73.0,Mexico,2000,,21.100705283847844
Alejandro Manuel Crdeas Robles,M,29.0,186.0,73.0,Mexico,2004,,21.100705283847844
Jens Carlowitz,M,24.0,186.0,76.0,East Germany,1988,,21.967857555786797
John Conduit Carpenter,M,23.0,184.0,70.0,United States,1908,,20.6758034026465
"William Arthur ""Bill"" Carr",M,22.0,172.0,66.0,United States,1932,Gold,22.30935640886966
"Edwin William J. Carr, Jr.",M,23.0,,,Australia,1952,,
"John Fralic ""Jack"" Carroll",M,21.0,,,Canada,1952,,
Noel J. Carroll,M,26.0,188.0,79.0,Ireland,1968,,22.351742870076958
Massimo Cartasegna,M,22.0,,,Italy,1908,,
Jos de Jess Carvalho,M,23.0,187.0,81.0,Portugal,1976,,23.16337327347079
Emilio Eduardo Casanovas,M,,,,Argentina,1924,,
Fernando Gomes Casimiro,M,21.0,,,Portugal,1952,,
Ollan Conley Cassell,M,27.0,185.0,75.0,United States,1964,,21.91380569758948
Machel Cedenio,M,20.0,183.0,70.0,Trinidad and Tobago,2016,,20.90238585804294
Ricardo Chambers,M,23.0,177.0,73.0,Jamaica,2008,,23.301094832264038
Christopher Maude Chavasse,M,23.0,,,Great Britain,1908,,
Noel Godfrey Chavasse,M,23.0,,,Great Britain,1908,,
Chen Yinglang,M,,,,China,1948,,
Nikolay Nikolayevich Chernetsky,M,20.0,186.0,74.0,Soviet Union,1980,,21.389756041160826
James Nyang Chiengjiek,M,24.0,179.0,59.0,Refugee Olympic Athletes,2016,,18.413907181423802
Jonathan Chipalo,M,26.0,174.0,58.0,Zambia,1988,,19.157088122605366
Tawanda Blessings Chiwira,M,21.0,178.0,68.0,Zimbabwe,1996,,21.461936624163616
Tawanda Blessings Chiwira,M,26.0,178.0,68.0,Zimbabwe,2000,,21.461936624163616
Seiken Cho,M,22.0,,,Japan,1932,,
Gunnar Normandus Fjord Christensen,M,23.0,,,Denmark,1936,,
Alan Thomas Christie,M,18.0,,,Canada,1924,,
Tyler Christopher,M,24.0,188.0,84.0,Canada,2008,,23.766410140334994
Clement Chukwu,M,23.0,190.0,82.0,Nigeria,1996,,22.714681440443215
Darren Edward Clark,M,18.0,179.0,76.0,Australia,1984,,23.719609250647608
Darren Edward Clark,M,23.0,179.0,76.0,Australia,1988,,23.719609250647608
Davian Dessaline Clarke,M,20.0,178.0,78.0,Jamaica,1996,,24.61810377477591
Davian Dessaline Clarke,M,24.0,178.0,78.0,Jamaica,2000,,24.61810377477591
Davian Dessaline Clarke,M,28.0,178.0,78.0,Jamaica,2004,,24.61810377477591
"Douglas Bruce ""Doug"" Clement",M,18.0,,,Canada,1952,,
Georges Claude Clment,M,,,,France,1900,,
Laurent Clerc,M,24.0,180.0,79.0,Switzerland,1996,,24.382716049382715
Gerald Clervil,M,24.0,173.0,67.0,Haiti,2000,,22.386314277122523
John Murray Cockburn,M,23.0,173.0,,Canada,1956,,
"Glendon Howard ""Glen"" Cohen",M,22.0,185.0,76.0,Great Britain,1976,,22.20598977355734
"Glendon Howard ""Glen"" Cohen",M,26.0,185.0,76.0,Great Britain,1980,,22.20598977355734
"Gerrard Eugene ""Gene"" Cole",M,23.0,182.0,78.0,United States,1952,,23.547880690737834
Williams Collazo Gutirrez,M,21.0,172.0,71.0,Cuba,2008,,23.99945916711736
Wayne Curtis Collett,M,22.0,188.0,84.0,United States,1972,Silver,23.766410140334994
Umberto Colombo,M,,,,Italy,1900,,
"Toms ""Tom"" Coman",M,20.0,190.0,82.0,Ireland,2000,,22.714681440443215
Vincent Confait,M,24.0,179.0,67.0,Seychelles,1984,,20.91070815517618
Eswort Lorenzo Brian Coombs,M,23.0,187.0,74.0,Saint Vincent and the Grenadines,1996,,21.16160027452887
Joseph Coombs,M,28.0,185.0,80.0,Trinidad and Tobago,1980,,23.37472607742878
Arthur Cooper,M,20.0,173.0,66.0,Trinidad and Tobago,1972,,22.052190183434128
Gaiet Cornet Pamies,M,25.0,183.0,70.0,Spain,1988,,20.90238585804294
Gaiet Cornet Pamies,M,28.0,183.0,70.0,Spain,1992,,20.90238585804294
Armando de Freitas Zuzarte Luzarte Corteso,M,21.0,,,Portugal,1912,,
Omer Gustaaf Corteyn,M,23.0,,,Belgium,1920,,
Narciso Valdares Costa,M,20.0,,,Brazil,1924,,
Raymond Crapet,M,21.0,,,France,1948,,
"William Frederick ""Bill"" Crothers",M,23.0,183.0,71.0,Canada,1964,,21.200991370300695
Siegfried Cruden,M,24.0,168.0,64.0,Suriname,1984,,22.675736961451246
Csaba Csutors,M,22.0,186.0,84.0,Hungary,1960,,24.280263614290668
Gustavo Cuesta Rosario,M,27.0,183.0,80.0,Dominican Republic,2016,,23.8884409806205
Morris Joseph Curotta,M,19.0,183.0,73.0,Australia,1948,,21.798202394816208
Morris Joseph Curotta,M,23.0,183.0,73.0,Australia,1952,,21.798202394816208
Wilfrid Cyriaque,M,25.0,173.0,70.0,Haiti,1976,,23.38868655818771
Naiel Santiago D'Almeida,M,21.0,171.0,65.0,Sao Tome and Principe,2008,,22.229061933586404
Anubes Ferraz da Silva,M,24.0,179.0,70.0,Brazil,1960,,21.847008520333322
Delmo da Silva,M,22.0,173.0,68.0,Brazil,1976,,22.720438370810918
Evaldo Rosa da Silva,M,25.0,184.0,73.0,Brazil,1984,,21.561909262759926
Valdinei Ablio da Silva,M,24.0,180.0,71.0,Brazil,1996,,21.91358024691358
Daniel Dbrowski,M,24.0,182.0,72.0,Poland,2008,,21.73650525298877
"Henning Johannes ""Henry"" Dafel",M,31.0,,,South Africa,1920,,
Bror Johan Dahlin,M,26.0,,,Sweden,1912,,
Alfred Daley,M,26.0,175.0,69.0,Jamaica,1976,,22.53061224489796
Alvin Daniel,M,23.0,188.0,75.0,Trinidad and Tobago,1992,,21.22000905387053
"Olof Gustav Arne ""Olle"" Danielsson",M,24.0,,,Sweden,1936,,
Ira Nelson Davenport,M,24.0,178.0,72.0,United States,1912,,22.724403484408533
Ji David,M,29.0,187.0,80.0,Czechoslovakia,1952,,22.87740570219337
Charles C. Davies,M,,,,Great Britain,1908,,
Howard Granville Davies,M,24.0,178.0,69.0,Great Britain,1968,,21.777553339224845
Edgar Brian Davis,M,19.0,183.0,74.0,South Africa,1960,,22.096807907073966
Howard Davis,M,21.0,185.0,81.0,Jamaica,1988,,23.66691015339664
Malachi John Davis,M,26.0,183.0,79.0,Great Britain,2004,,23.589835468362747
Otis Crandall Davis,M,28.0,185.0,74.0,United States,1960,Gold,21.62162162162162
Gordon Raymond Day,M,24.0,185.0,74.0,South Africa,1960,,21.62162162162162
Fernando Pereira de Almeida,M,23.0,186.0,74.0,Brazil,2008,,21.389756041160826
Carlos de Anda Dominguez,M,24.0,175.0,,Mexico,1932,,
Antnio Damaso de Carvalho,M,22.0,,,Brazil,1936,,
Lodewijk De Clerck,M,24.0,176.0,67.0,Belgium,1960,,21.62964876033058
"duard ""Eddy"" De Leeuw",M,24.0,190.0,73.0,Belgium,1980,,20.221606648199447
Srgio Matias Franco de Menezes,M,23.0,180.0,78.0,Brazil,1988,,24.074074074074073
John Henricus De Saram,M,19.0,,,Sri Lanka,1948,,
"Frederick Monroe ""Fred"" de Selding",M,20.0,175.0,68.0,United States,1908,,22.20408163265306
Neil De Silva,M,26.0,175.0,75.0,Trinidad and Tobago,1996,,24.489795918367346
Neil De Silva,M,30.0,175.0,75.0,Trinidad and Tobago,2000,,24.489795918367346
Grson Andrade de Souza,M,25.0,176.0,74.0,Brazil,1984,,23.889462809917354
Grson Andrade de Souza,M,29.0,176.0,74.0,Brazil,1988,,23.889462809917354
Sidney Telles de Souza,M,25.0,183.0,65.0,Brazil,1992,,19.409358296754156
Marcell Dek Nagy,M,20.0,186.0,73.0,Hungary,2012,,21.100705283847844
Asfaw Deble,M,25.0,174.0,61.0,Ethiopia,1980,,20.147971991015986
Jacques Lopold Degats,M,22.0,180.0,76.0,France,1952,,23.45679012345679
Jacques Lopold Degats,M,26.0,180.0,76.0,France,1956,,23.45679012345679
Isidro del Prado,M,25.0,176.0,73.0,Philippines,1984,,23.56663223140496
Patrick Delice,M,20.0,184.0,77.0,Trinidad and Tobago,1988,,22.743383742911153
Patrick Delice,M,24.0,184.0,77.0,Trinidad and Tobago,1992,,22.743383742911153
Maurice Paul Lon Delvart,M,20.0,,,France,1920,,
Francis Demarthon,M,29.0,178.0,65.0,France,1980,,20.515086478979928
Ioannis Demestikhas,M,,,,Greece,1906,,
Cornelis Johannes den Held,M,24.0,,,Netherlands,1908,,
Dadi Denis,M,27.0,185.0,78.0,Haiti,2004,,22.790357925493062
Bereket Desta Gebretsadik,M,22.0,180.0,63.0,Ethiopia,2012,,19.444444444444443
Istvn (Stefan von) Dvn,M,21.0,170.0,61.0,Hungary,1912,,21.10726643598616
Alfonso Di Guida,M,22.0,181.0,74.0,Italy,1976,,22.587833094227893
El-Mehdi Sallah Ahmad Diab,M,,160.0,58.0,Libya,1980,,22.65625
Mohamed Diakit,M,22.0,176.0,69.0,Guinea,1980,,22.275309917355372
Boubacar Diallo,M,29.0,176.0,65.0,Senegal,1984,,20.983987603305785
Ousmane Diarra,M,24.0,185.0,73.0,Senegal,1988,,21.32943754565376
Rodobaldo Daz Arrambarry,M,26.0,178.0,71.0,Cuba,1968,,22.408786769347305
Alan Dick,M,22.0,,,Great Britain,1952,,
Samba Diye,M,27.0,185.0,75.0,Senegal,1976,,21.91380569758948
Florentus Hazzard Dill,M,29.0,,,Bermuda,1948,,
Euripidis Dimosthenous,M,23.0,180.0,70.0,Cyprus,1996,,21.604938271604937
Euripidis Dimosthenous,M,27.0,180.0,70.0,Cyprus,2000,,21.604938271604937
"Stylianos ""Stelios"" Dimotsios",M,29.0,183.0,81.0,Greece,2004,,24.18704649287826
Yoyaga Dit Fatogoma Dit Coulibaly,M,25.0,172.0,67.0,Cote d'Ivoire,1964,,22.6473769605192
Yoyaga Dit Fatogoma Dit Coulibaly,M,29.0,172.0,67.0,Cote d'Ivoire,1968,,22.6473769605192
Leslie Djhone,M,23.0,187.0,76.0,France,2004,,21.733535417083704
Leslie Djhone,M,27.0,187.0,76.0,France,2008,,21.733535417083704
Kurt Wilhelm Doerry,M,21.0,179.0,73.0,Germany,1896,,22.783308885490467
Musa Dogon Yaro,M,23.0,172.0,70.0,Nigeria,1968,,23.66143861546782
Paul P. Dolan,M,25.0,185.0,78.0,Ireland,1952,,22.790357925493062
"Bohdan ""Don"" Domansky",M,22.0,180.0,77.0,Canada,1968,,23.765432098765434
"Bohdan ""Don"" Domansky",M,29.0,180.0,77.0,Canada,1976,,23.765432098765434
Anderson Jorge Oliveira dos Santos,M,32.0,186.0,69.0,Brazil,2004,,19.944502254595907
"Osmiro ""Osmar"" Barbosa dos Santos",M,27.0,175.0,65.0,Brazil,1996,,21.224489795918366
Wilson David dos Santos,M,29.0,188.0,74.0,Brazil,1984,,20.93707559981892
Troy Douglas,M,25.0,172.0,76.0,Bermuda,1988,,25.689561925365062
Troy Douglas,M,29.0,172.0,76.0,Bermuda,1992,,25.689561925365062
Troy Douglas,M,33.0,172.0,76.0,Bermuda,1996,,25.689561925365062
Francisco Dova,M,,,,Argentina,1924,,
Emin Doybak,M,,,,Turkey,1952,,
Charles Dramiga,M,26.0,,,Uganda,1980,,
Apisai Driu Baibai,M,21.0,181.0,70.0,Fiji,1992,,21.36686914318855
Walter Edwin Drumheller,M,21.0,,,United States,1900,,
Didier Dubois,M,23.0,178.0,68.0,France,1980,,21.461936624163616
"John Vinzenz Andrew de Villiers ""Vincent"" Duncker",M,21.0,184.0,77.0,Germany,1906,,22.743383742911153
Fitzroy Junior Dunkley,M,23.0,195.0,79.0,Jamaica,2016,,20.775805391190005
Georges Dupont,M,25.0,,,France,1928,,
"Patrick ""Pat"" Dwyer",M,22.0,186.0,81.0,Australia,2000,,23.413111342351716
Maksim Sergeyevich Dyldin,M,21.0,175.0,68.0,Russia,2008,,22.20408163265306
Maksim Sergeyevich Dyldin,M,25.0,175.0,68.0,Russia,2012,,22.20408163265306
Juan Carlos Pablo Dyrzka,M,23.0,180.0,77.0,Argentina,1964,,23.765432098765434
Juan Carlos Pablo Dyrzka,M,27.0,180.0,77.0,Argentina,1968,,23.765432098765434
Iliya Dzhivondov,M,22.0,183.0,74.0,Bulgaria,2000,,22.096807907073966
"Benjamin Bangs ""Ben"" Eastman",M,21.0,185.0,70.0,United States,1932,Silver,20.452885317750184
Mohamed E. Ebeid,M,25.0,,,Egypt,1936,,
Gary John Eddy,M,19.0,183.0,76.0,Australia,1964,,22.694018931589476
"Clarence Sinclair ""Hec"" Edmundson",M,25.0,183.0,70.0,United States,1912,,20.90238585804294
"Philip Aron ""Phil"" Edwards",M,20.0,176.0,64.0,Canada,1928,,20.66115702479339
Kristijan Efremov,M,21.0,184.0,72.0,Macedonia,2012,,21.266540642722116
Innocent Ejima Egbunike,M,22.0,174.0,65.0,Nigeria,1984,,21.469150482230148
Innocent Ejima Egbunike,M,26.0,174.0,65.0,Nigeria,1988,,21.469150482230148
Innocent Ejima Egbunike,M,30.0,174.0,65.0,Nigeria,1992,,21.469150482230148
Anthony Egwunyenga,M,25.0,171.0,63.0,Nigeria,1968,,21.54509079716836
Gustavo Ehlers Trstel,M,23.0,185.0,75.0,Chile,1948,,21.91380569758948
Tage Henning Ekfeldt,M,26.0,,,Sweden,1952,,
Pantelis Ektoros,M,,,,Greece,1906,,
Mohamed El-Abed,M,23.0,,,Syria,1980,,
Hassan El-Kashief,M,28.0,175.0,68.0,Sudan,1984,,22.20408163265306
Robert Simpson Emery,M,21.0,175.0,64.0,United States,1920,,20.897959183673468
Nils Erik Engdahl,M,21.0,165.0,57.0,Sweden,1920,Bronze,20.9366391184573
Nils Erik Engdahl,M,25.0,165.0,57.0,Sweden,1924,,20.9366391184573
Mohammad Reza Entezari,M,26.0,178.0,73.0,Iran,1972,,23.040020199469765
Emilio Gustavo Bodjedi Envela Mahua,M,20.0,176.0,77.0,Equatorial Guinea,1988,,24.857954545454547
Orukpe Eraiyokan,M,22.0,180.0,73.0,Nigeria,2016,,22.530864197530864
Flix A. Escobar,M,,,,Argentina,1924,,
Juan Escutia,M,,,,Mexico,1924,,
Hederson Alves Estefani,M,24.0,183.0,65.0,Brazil,2016,,19.409358296754156
Guillermo Armando Evans,M,25.0,,,Argentina,1948,,
Lee Edward Evans,M,21.0,180.0,78.0,United States,1968,Gold,24.074074074074073
"Daniel Joseph ""Danny Joe"" Everett",M,21.0,187.0,64.0,United States,1988,Bronze,18.301924561754696
"Daniel Joseph ""Danny Joe"" Everett",M,25.0,187.0,64.0,United States,1992,,18.301924561754696
"Brand ""Bram"" Evers",M,21.0,,,Netherlands,1908,,
"Frdric ""Fritz"" Eyschen",M,25.0,,,Luxembourg,1928,,
Hope Ezeigbo,M,22.0,201.0,72.0,Nigeria,1980,,17.82134105591446
Sven Per Anders Faager,M,25.0,186.0,76.0,Sweden,1972,,21.967857555786797
Luigi Facelli,M,25.0,175.0,70.0,Italy,1924,,22.857142857142858
Charles-Robert Faidide,M,,,,France,1900,,
Samba Fall,M,27.0,188.0,71.0,Mauritania,1992,,20.088275237664103
Eugene Farrell,M,23.0,178.0,62.0,Ireland,1996,,19.56823633379624
Ali Faudet,M,18.0,185.0,65.0,Chad,1988,,18.991964937910883
Ali Faudet,M,22.0,185.0,65.0,Chad,1992,,18.991964937910883
Jean-Max Faustin,M,21.0,176.0,71.0,Haiti,1972,,22.920971074380166
Barthlmy Favodon,M,25.0,,,France,1924,,
Muhammad Fayyaz,M,21.0,172.0,60.0,Pakistan,1988,,20.281233098972418
Ren Ernest Fger,M,24.0,176.0,68.0,France,1928,,21.952479338842974
Delon Felix,M,18.0,,,Grenada,1992,,
Pedro Ferrer Andino,M,18.0,168.0,61.0,Puerto Rico,1972,,21.61281179138322
Gaston Lucien Fry,M,19.0,176.0,76.0,France,1920,,24.535123966942148
Gaston Lucien Fry,M,24.0,176.0,76.0,France,1924,,24.535123966942148
Milan Fillo,M,23.0,178.0,71.0,Czechoslovakia,1952,,22.408786769347305
Baptiste Firiam,M,17.0,173.0,60.0,Vanuatu,1988,,20.04744562130375
Baptiste Firiam,M,21.0,173.0,60.0,Vanuatu,1992,,20.04744562130375
Horatio May Fitch,M,23.0,175.0,68.0,United States,1924,Silver,22.20408163265306
Joseph Stanislaus Fleming,M,20.0,,,United States,1904,,
Clifton Forbes,M,22.0,183.0,76.0,Jamaica,1968,,22.694018931589476
Elvis A. Forde,M,24.0,180.0,74.0,Barbados,1984,,22.839506172839506
Elvis A. Forde,M,28.0,180.0,74.0,Barbados,1988,,22.839506172839506
Randolph Olivier Foster Hutchinson,M,23.0,,,Costa Rica,1992,,
Alleyne Jeremy Francique,M,28.0,188.0,75.0,Grenada,2004,,21.22000905387053
Alleyne Jeremy Francique,M,32.0,188.0,75.0,Grenada,2008,,21.22000905387053
Javon Francis,M,21.0,183.0,68.0,Jamaica,2016,,20.305174833527428
Karel Frankenstein (-Frank),M,23.0,,,Czechoslovakia,1920,,
Michael Bruce Frayne,M,26.0,179.0,66.0,Australia,1984,,20.598608033457133
Herman Ronald Frazier,M,21.0,184.0,73.0,United States,1976,Bronze,21.561909262759926
"Ronald John ""Ron"" Freeman, III",M,21.0,183.0,82.0,United States,1968,Bronze,24.485652005136014
"William Duncan ""Bill"" Fritz",M,21.0,178.0,67.0,Canada,1936,,21.146319909102385
Raymond E. Fritz,M,,,,France,1924,,
Hortensio Fucil Herrera,M,25.0,178.0,76.0,Venezuela,1964,,23.986870344653454
Takeshi Salvador Fujiwara Salazar,M,19.0,175.0,64.0,El Salvador,2004,,20.897959183673468
John William Fuller,M,,,,Canada,1924,,
Amadou Gakou,M,24.0,175.0,69.0,Senegal,1964,,22.53061224489796
Amadou Gakou,M,28.0,175.0,69.0,Senegal,1968,,22.53061224489796
Amadou Gakou,M,32.0,175.0,69.0,Senegal,1972,,22.53061224489796
Anton Sergeyevich Galkin,M,22.0,185.0,77.0,Russia,2004,,22.4981738495252
"Thomas Heaton ""Tom"" Gallon",M,25.0,169.0,73.0,Canada,1912,,25.559329155141626
Matteo Galvan,M,27.0,183.0,73.0,Italy,2016,,21.798202394816208
Carlos A. Garces,M,,,,Mexico,1924,,
Alfonso Garca,M,,173.0,,Mexico,1928,,
Angel Garca Delgado,M,28.0,164.0,71.0,Cuba,1948,,26.39797739440809
Angel Garca Delgado,M,32.0,164.0,71.0,Cuba,1952,,26.39797739440809
Jos Garca Lorenzana,M,19.0,180.0,82.0,Spain,1920,,25.308641975308642
Miguel Garca Onsalo,M,22.0,,,Spain,1920,,
Steven Gardiner,M,20.0,193.0,94.0,Bahamas,2016,,25.235576794007894
Alfredo Gargiullo,M,18.0,,,Italy,1924,,
Mark James Garner,M,23.0,174.0,69.0,Australia,1992,,22.79032897344431
Pyotr Gayevsky,M,24.0,,,Russia,1912,,
Hermann Geiler,M,22.0,,,Austria,1928,,
Hans-Gnter Geister,M,23.0,177.0,73.0,Germany,1952,,23.301094832264038
Winston Oudkerk George,M,25.0,167.0,66.0,Guyana,2012,,23.66524436157625
Winston Oudkerk George,M,29.0,167.0,66.0,Guyana,2016,,23.66524436157625
Mr Ger,M,23.0,,,Hungary,1928,,
Mohammad Hossein Ghafourizadeh,M,21.0,174.0,65.0,Iran,1964,,21.469150482230148
Omar Ghizlat,M,18.0,175.0,65.0,Morocco,1968,,21.224489795918366
Omar Ghizlat,M,21.0,175.0,65.0,Morocco,1972,,21.224489795918366
"Arie Gill (Gluck-, -Gluck)",M,22.0,,,Israel,1952,,
David Gillick,M,25.0,195.0,85.0,Ireland,2008,,22.35371466140697
Franco Giongo,M,20.0,,,Italy,1912,,
Graham Chater Gipson,M,24.0,,,Australia,1956,,
Charles Gitonga,M,24.0,175.0,65.0,Kenya,1996,,21.224489795918366
Clayton M. Glasgow,M,23.0,169.0,66.0,Guyana,1960,,23.108434578621196
Charles Henry Stuart Gmelin,M,23.0,,,Great Britain,1896,Bronze,
Akossi Gnalo,M,28.0,180.0,70.0,Togo,1988,,21.604938271604937
Mathieu Gnanligo Fousseni,M,21.0,180.0,70.0,Benin,2008,,21.604938271604937
Mathieu Gnanligo Fousseni,M,25.0,180.0,70.0,Benin,2012,,21.604938271604937
George Augustus Golding,M,26.0,187.0,80.0,Australia,1932,,22.87740570219337
Dmitry Anatolyevich Golovastov,M,29.0,187.0,78.0,Russia,2000,,22.305470559638536
Jermaine Gonzales,M,29.0,185.0,82.0,Jamaica,2012,,23.9590942293645
John William Goodman,M,19.0,,,Australia,1956,,
James Allen Gordon,M,23.0,180.0,70.0,United States,1932,,21.604938271604937
Lalonde Keida Gordon,M,23.0,179.0,83.0,Trinidad and Tobago,2012,Bronze,25.90431010268094
Lalonde Keida Gordon,M,27.0,179.0,83.0,Trinidad and Tobago,2016,,25.90431010268094
Richard Kevan Gosper,M,22.0,188.0,77.0,Australia,1956,,21.785875961973744
Richard Kevan Gosper,M,26.0,188.0,77.0,Australia,1960,,21.785875961973744
Rudolf Gtz,M,25.0,178.0,67.0,Czech Republic,2008,,21.146319909102385
Jean-Pierre Goudeau,M,19.0,183.0,75.0,France,1952,,22.39541341933172
"Anastasios ""Tasos"" Gousis",M,21.0,177.0,75.0,Greece,2000,,23.939480992052093
John Goville,M,26.0,173.0,61.0,Uganda,1988,,20.38156971499215
Konstantin Nikolayevich Grachov,M,29.0,166.0,63.0,Soviet Union,1956,,22.8625344752504
Konstantin Nikolayevich Grachov,M,33.0,166.0,63.0,Soviet Union,1960,,22.8625344752504
"Timothy Joseph Michael ""Tim"" Graham",M,25.0,178.0,65.0,Great Britain,1964,,20.515086478979928
Pedro Antonio Grajales Escobar,M,24.0,172.0,72.0,Colombia,1964,,24.3374797187669
Pedro Antonio Grajales Escobar,M,28.0,172.0,72.0,Colombia,1968,,24.3374797187669
Peter Treacy Grant,M,22.0,180.0,70.0,Australia,1976,,21.604938271604937
"Arthur William ""Billy"" Green",M,23.0,,,Great Britain,1928,,
Dean H. Greenaway,M,25.0,175.0,78.0,British Virgin Islands,1984,,25.46938775510204
Paul Haydon Greene,M,23.0,184.0,78.0,Australia,1996,,23.03875236294896
Hamil O. Grimes,M,19.0,175.0,69.0,Barbados,1976,,22.53061224489796
David Allan Grindley,M,19.0,188.0,79.0,Great Britain,1992,,22.351742870076958
Alphonse Grisel,M,,,,France,1896,,
Amos Grodzinowsky,M,20.0,174.0,65.0,Israel,1960,,21.469150482230148
Herman Charles Groman,M,21.0,,,United States,1904,Bronze,
German Guenard Soltero,M,17.0,176.0,66.0,Puerto Rico,1960,,21.306818181818183
George James Guida,M,23.0,175.0,73.0,United States,1948,,23.836734693877553
"Eduardo ""Eddy"" Gutirrez James",M,24.0,187.0,78.0,Cuba,1976,,22.305470559638536
Guillermo Gutirrez,M,25.0,,,Venezuela,1952,,
Oscar Guttormsen,M,24.0,,,Norway,1908,,
Robert Guy,M,32.0,188.0,79.0,Trinidad and Tobago,1996,,22.351742870076958
Istvn Gyulai,M,21.0,180.0,73.0,Hungary,1964,,22.530864197530864
Jean-Pierre Haarhoff,M,24.0,184.0,78.0,France,1956,,23.03875236294896
Karl-Friedrich Haas,M,20.0,186.0,72.0,Germany,1952,,20.81165452653486
Karl-Friedrich Haas,M,25.0,186.0,72.0,Germany,1956,Silver,20.81165452653486
Piotr Haczek,M,23.0,188.0,72.0,Poland,2000,,20.371208691715708
Carroll Barse Haff,M,20.0,185.0,70.0,United States,1912,,20.452885317750184
Rudolf Haidegger,M,29.0,,,Austria,1952,,
Abebe Hailou,M,23.0,,,Ethiopia,1956,,
Ernest William Haley,M,27.0,,,Great Britain,1912,,
James Stanton Hall,M,25.0,,,India,1928,,
Wyndham Halswelle,M,23.0,,,Great Britain,1906,Silver,
Wyndham Halswelle,M,25.0,,,Great Britain,1908,Gold,
Jean Hamilius,M,25.0,,,Luxembourg,1952,,
"Frdric ""Fred"" Hammer",M,22.0,178.0,67.0,Luxembourg,1952,,21.146319909102385
Paul Hammer,M,23.0,,,Luxembourg,1924,,
Kassem Hamz,M,22.0,166.0,62.0,Lebanon,1972,,22.49963710262738
Mark Ian Handelsman,M,23.0,183.0,70.0,Israel,1984,,20.90238585804294
John Austin Thomas Hanlon,M,22.0,187.0,74.0,Great Britain,1928,,21.16160027452887
"Alejandro ""Alex"" Hannig Ulriksen",M,30.0,,,Chile,1928,,
Jens Oluf Smedegaard Hansen,M,23.0,182.0,65.0,Denmark,1980,,19.623233908948194
Oskar Hardmeier,M,22.0,168.0,62.0,Switzerland,1948,,21.967120181405896
Abdalelah Haroun Hassan,M,19.0,185.0,80.0,Qatar,2016,,23.37472607742878
"Anthony ""Tony"" Harper",M,29.0,188.0,66.0,Bermuda,1968,,18.673607967406067
"Otis Harris, Jr.",M,22.0,185.0,83.0,United States,2004,Silver,24.25127830533236
Alvin Leonardo Harrison,M,22.0,188.0,80.0,United States,1996,,22.634676324128566
Alvin Leonardo Harrison,M,26.0,188.0,80.0,United States,2000,Silver,22.634676324128566
Mohamed Mehdi Hasan,M,20.0,167.0,60.0,Bangladesh,1992,,21.513858510523864
Sajjad Hashemi Ahangari,M,20.0,178.0,69.0,Iran,2012,,21.777553339224845
Ibrahim Mohamed Hassan,M,25.0,185.0,76.0,Ghana,1996,,22.20598977355734
Issaka Hassane,M,25.0,190.0,78.0,Chad,1984,,21.606648199445985
L. Hasso,M,,,,Iraq,1948,,
"Gregory ""Greg"" Haughton",M,26.0,185.0,79.0,Jamaica,2000,Bronze,23.08254200146092
Hirotada Hayase,M,19.0,174.0,67.0,Japan,1960,,22.12973972783723
Hirotada Hayase,M,24.0,174.0,67.0,Japan,1964,,22.12973972783723
Adem Hecini,M,28.0,175.0,66.0,Algeria,2004,,21.551020408163264
Amar Hecini,M,24.0,175.0,70.0,Algeria,1996,,22.857142857142858
Raymond Alfred Heerenveen,M,27.0,176.0,62.0,Netherlands Antilles,1976,,20.015495867768596
Voitto Valdemar Hellstn,M,24.0,160.0,72.0,Finland,1956,Bronze,28.125
Voitto Valdemar Hellstn,M,28.0,160.0,72.0,Finland,1960,,28.125
Ernest John Henley,M,23.0,,,Great Britain,1912,,
Victor Henny,M,20.0,,,Netherlands,1908,,
Georges Henry,M,28.0,173.0,73.0,France,1936,,24.3910588392529
Tabarie Joil Henry,M,20.0,185.0,75.0,United States Virgin Islands,2008,,21.91380569758948
Tabarie Joil Henry,M,24.0,185.0,75.0,United States Virgin Islands,2012,,21.91380569758948
ngel Valentn de las Heras Lzaro,M,25.0,177.0,67.0,Spain,1984,,21.38593635289987
Roberto Hernndez Prendes,M,25.0,179.0,74.0,Cuba,1992,,23.09540900720951
"Bernhard Erich ""Bernd"" Herrmann",M,24.0,191.0,80.0,West Germany,1976,,21.929223431375238
Max Herrmann,M,27.0,176.0,67.0,Germany,1912,,21.62964876033058
"Timothy ""Tim"" Hesse",M,24.0,170.0,68.0,Ghana,1992,,23.529411764705884
Felix Heuertz,M,25.0,170.0,65.0,Luxembourg,1960,,22.491349480968857
Jos Jacinto Hidalgo,M,25.0,178.0,68.0,Venezuela,1968,,21.461936624163616
Francis Peter Higgins,M,28.0,179.0,67.0,Great Britain,1956,,20.91070815517618
"Terence Langley ""Terry"" Higgins",M,24.0,,,Great Britain,1952,,
Clinton Rory Hill,M,24.0,186.0,77.0,Australia,2004,,22.256908313099782
William Hill,M,19.0,189.0,64.0,Hong Kong,1964,,17.91663167324543
"Harry Livingston Hillman, Jr.",M,22.0,180.0,66.0,United States,1904,Gold,20.37037037037037
"Harry Livingston Hillman, Jr.",M,24.0,180.0,66.0,United States,1906,,20.37037037037037
"Douglas ""Doug"" Hinds",M,26.0,178.0,64.0,Canada,1984,,20.199469763918696
Jaime Hitelman Reitich,M,,,,Chile,1948,,
Charles Teilmann Hoff,M,21.0,182.0,68.0,Norway,1924,,20.528921627822726
Fritz Hofmann,M,24.0,167.0,56.0,Germany,1896,,20.079601276488937
Franz-Peter Hofmeister,M,24.0,185.0,71.0,West Germany,1976,,20.745069393718044
Rupert L. Hoilette,M,18.0,170.0,64.0,Jamaica,1964,,22.14532871972318
"William Joseph ""Bill"" Holland",M,26.0,,,United States,1900,Silver,
Runar Rafael Holmberg,M,25.0,176.0,69.0,Finland,1948,,22.275309917355372
Richard St. John Honner,M,26.0,,,Australia,1924,,
Karl Honz,M,21.0,186.0,82.0,West Germany,1972,,23.7021620996647
Karl Honz,M,25.0,186.0,82.0,West Germany,1976,,23.7021620996647
Andries Hoogerwerf,M,21.0,,,Netherlands,1928,,
Jacobus Johannes Hoogveld,M,23.0,,,Netherlands,1908,,
John William Horne,M,28.0,,,Great Britain,1906,,
Isidoro Hornillos Baz,M,23.0,179.0,71.0,Spain,1980,,22.15910864205237
Kemal Horulu,M,,,,Turkey,1948,,
Lopold Hounkanrin,M,,,,Benin,1980,,
"Matthew Lloyd ""Matt"" Hudson-Smith",M,21.0,194.0,78.0,Great Britain,2016,,20.724837921139336
Kenmore Henderson Hughes,M,22.0,175.0,72.0,Antigua and Barbuda,1992,,23.510204081632654
Erison George Hurtault,M,23.0,178.0,78.0,Dominica,2008,,24.61810377477591
Erison George Hurtault,M,27.0,178.0,78.0,Dominica,2012,,24.61810377477591
Angelo Koko Nimir Hussein,M,,172.0,64.0,Sudan,1968,,21.63331530557058
Angelo Koko Nimir Hussein,M,,172.0,64.0,Sudan,1972,,21.63331530557058
Dane Hyatt,M,28.0,183.0,86.0,Jamaica,2012,,25.68007405416704
Ibrahima Idrissou,M,,,,Benin,1972,,
Ardalion Vasilyevich Ignatyev,M,21.0,173.0,68.0,Soviet Union,1952,,22.720438370810918
Ardalion Vasilyevich Ignatyev,M,25.0,173.0,68.0,Soviet Union,1956,Bronze,22.720438370810918
Bruce Ijirighwo,M,22.0,175.0,73.0,Nigeria,1972,,23.836734693877553
Keiji Imai,M,18.0,174.0,63.0,Japan,1936,,20.808561236623067
Josef Imbach,M,29.0,,,Switzerland,1924,,
Allan Ingraham,M,22.0,183.0,73.0,Bahamas,1984,,21.798202394816208
"Francis Knox ""Frank"" Irvine",M,21.0,,,South Africa,1920,,
Ibrahim Ismail Muftah Faraj,M,20.0,178.0,70.0,Qatar,1992,,22.093170054286077
Ibrahim Ismail Muftah Faraj,M,24.0,178.0,70.0,Qatar,1996,,22.093170054286077
Ibrahim Ismail Muftah Faraj,M,28.0,178.0,70.0,Qatar,2000,,22.093170054286077
Jos Luclo Iturbe Arechiga,M,,180.0,,Mexico,1928,,
Joseph James William Jackson,M,23.0,,,France,1928,,
Ivan Jacob,M,24.0,,,India,1952,,
Victor Jacquemin,M,16.0,,,Belgium,1908,,
Nordin Mohamed Jadi,M,22.0,170.0,62.0,Malaysia,1984,,21.453287197231834
Nordin Mohamed Jadi,M,26.0,170.0,62.0,Malaysia,1988,,21.453287197231834
Dawda Jallow,M,17.0,180.0,70.0,Gambia,1984,,21.604938271604937
Dawda Jallow,M,21.0,180.0,70.0,Gambia,1988,,21.604938271604937
Dawda Jallow,M,29.0,180.0,70.0,Gambia,1996,,21.604938271604937
Godday James,M,24.0,170.0,72.0,Nigeria,2008,,24.913494809688583
Kirani James,M,19.0,180.0,66.0,Grenada,2012,Gold,20.37037037037037
Kirani James,M,23.0,180.0,66.0,Grenada,2016,Silver,20.37037037037037
"George Lawrence ""Larry"" James",M,20.0,181.0,70.0,United States,1968,Silver,21.36686914318855
Herbert Brotherson Jamison,M,20.0,173.0,69.0,United States,1896,Silver,23.054562464499316
Raymond Anatole Franois Jamois,M,22.0,,,France,1924,,
Luka Janei,M,20.0,192.0,80.0,Slovenia,2016,,21.70138888888889
Zbigniew Jaremski,M,23.0,182.0,75.0,Poland,1972,,22.642192971863302
Zbigniew Jaremski,M,27.0,182.0,75.0,Poland,1976,,22.642192971863302
Arsenio Larosa Jazmin,M,29.0,180.0,68.0,Philippines,1964,,20.987654320987655
Ivan Jean-Marie,M,23.0,185.0,67.0,Saint Lucia,1996,,19.576333089846603
Tomasz Jdrusik,M,19.0,173.0,71.0,Poland,1988,,23.722810651876106
"Manikavasagam ""Mani"" Jegathesan",M,16.0,174.0,61.0,Malaya,1960,,20.147971991015986
Martin Jellinghaus,M,23.0,187.0,83.0,West Germany,1968,,23.735308416025624
"Charles Lamont ""Charlie"" Jenkins, Sr.",M,22.0,186.0,74.0,United States,1956,Gold,21.389756041160826
David Andrew Jenkins,M,20.0,190.0,82.0,Great Britain,1972,,22.714681440443215
David Andrew Jenkins,M,24.0,190.0,82.0,Great Britain,1976,,22.714681440443215
David Andrew Jenkins,M,28.0,190.0,82.0,Great Britain,1980,,22.714681440443215
Kai Sofus Marinus Jensen,M,27.0,,,Denmark,1924,,
"Hjalmar ""Hjalle"" Johannesen",M,25.0,175.0,68.0,Norway,1932,,22.20408163265306
Lauri Tommy Bjrn Stig Johansson (-Bjrnquist),M,25.0,182.0,81.0,Sweden,1984,,24.453568409612366
David Moffat Johnson,M,22.0,,,Canada,1924,,
George Hy Johnson,M,18.0,175.0,64.0,Liberia,1956,,20.897959183673468
George Hy Johnson,M,22.0,175.0,64.0,Liberia,1960,,20.897959183673468
Michael Duane Johnson,M,28.0,183.0,77.0,United States,1996,Gold,22.992624443847234
Michael Duane Johnson,M,33.0,183.0,77.0,United States,2000,Gold,22.992624443847234
"Louis Woodard ""Lou"" Jones, III",M,24.0,183.0,76.0,United States,1956,,22.694018931589476
Richard Jones,M,22.0,189.0,62.0,Guyana,1996,,17.35673693345651
Charles Joseph,M,20.0,172.0,70.0,Trinidad and Tobago,1972,,23.66143861546782
Charles Joseph,M,24.0,172.0,70.0,Trinidad and Tobago,1976,,23.66143861546782
Michael Angelo Joseph,M,20.0,167.0,66.0,Belize,1992,,23.66524436157625
Michael Craig Joubert,M,26.0,168.0,62.0,Australia,1996,,21.967120181405896
Alberto Juantorena Danger,M,21.0,190.0,84.0,Cuba,1972,,23.26869806094183
Alberto Juantorena Danger,M,25.0,190.0,84.0,Cuba,1976,Gold,23.26869806094183
Alberto Juantorena Danger,M,29.0,190.0,84.0,Cuba,1980,,23.26869806094183
Albert Jud,M,24.0,,,Switzerland,1936,,
"Georg ""Jrg"" Jttner",M,23.0,183.0,76.0,Germany,1964,,22.694018931589476
Oleksandr Viktorovych Kaidash,M,24.0,187.0,74.0,Ukraine,2000,,21.16160027452887
Douglas Kalembo,M,28.0,178.0,56.0,Zambia,1988,,17.67453604342886
Jrgen Kalfelder,M,24.0,185.0,80.0,Germany,1964,,23.37472607742878
Wavala Kali,M,22.0,173.0,66.0,Papua New Guinea,1976,,22.052190183434128
Claver Kamanya,M,21.0,175.0,65.0,Tanzania,1968,,21.224489795918366
Claver Kamanya,M,25.0,175.0,65.0,Tanzania,1972,,21.224489795918366
Davis Kamoga,M,28.0,180.0,73.0,Uganda,1996,Bronze,22.530864197530864
Davis Kamoga,M,32.0,180.0,73.0,Uganda,2000,,22.530864197530864
Moses Kamut,M,22.0,172.0,74.0,Vanuatu,2004,,25.01352082206598
Yuzo Kanemaru,M,20.0,178.0,75.0,Japan,2008,,23.671253629592222
Yuzo Kanemaru,M,24.0,178.0,75.0,Japan,2012,,23.671253629592222
Yuzo Kanemaru,M,28.0,178.0,75.0,Japan,2016,,23.671253629592222
Brahim Karabi,M,26.0,176.0,69.0,Tunisia,1960,,22.275309917355372
Georgios Karageorgos,M,33.0,,,Greece,1948,,
Ossi Jalmari Karttunen,M,28.0,183.0,76.5,Finland,1976,,22.843321687718355
Mwana Bute Kasongo,M,24.0,187.0,72.0,Congo (Kinshasa),1988,,20.589665131974034
"Willem Hendrik ""Wim"" Kat",M,19.0,,,Netherlands,1924,,
Carl Kaufmann,M,24.0,183.0,76.0,Germany,1960,Silver,22.694018931589476
Walter Keller,M,,,,Switzerland,1948,,
Simon Tirop Kemboi,M,25.0,178.0,74.0,Kenya,1992,,23.355636914530994
Sahr Kendor,M,17.0,172.0,52.0,Sierra Leone,1980,,17.577068685776094
Francis Kerbiriou,M,21.0,178.0,66.0,France,1972,,20.830703194041156
George Ezekiel Kerr,M,19.0,180.0,70.0,Jamaica,1956,,21.604938271604937
Reinhold Keskll,M,23.0,167.0,60.0,Estonia,1924,,21.513858510523864
Ahmed Abbas Khairy Sabri,M,,,,Egypt,1920,,
Ali Khamis Abbas Ali Khamis,M,21.0,182.0,70.0,Bahrain,2016,,21.132713440405748
Abdullah Khan,M,,,,Pakistan,1956,,
"Lawrence G. ""Laurie"" Khan",M,21.0,169.0,61.0,Jamaica,1964,,21.357795595392318
Panh Khemanith,M,27.0,171.0,60.0,Laos,1980,,20.519134092541293
Raymond Kibet,M,20.0,185.0,64.0,Kenya,2016,,18.699780861943022
Victor Kibet,M,24.0,173.0,68.0,Kenya,2004,,22.720438370810918
Gary Kikaya Senga,M,26.0,184.0,75.0,Congo (Kinshasa),2004,,22.152646502835537
Gary Kikaya Senga,M,30.0,184.0,75.0,Congo (Kinshasa),2008,,22.152646502835537
Manfred Kinder,M,22.0,184.0,73.0,Germany,1960,,21.561909262759926
Manfred Kinder,M,30.0,184.0,73.0,West Germany,1968,,21.561909262759926
Simeon Kipkemboi,M,28.0,190.0,74.0,Kenya,1988,,20.498614958448755
Wilson Arap Chuma Kiprugut,M,,178.0,71.0,Kenya,1964,,22.408786769347305
David Kipkorir Kirui,M,25.0,175.0,71.0,Kenya,2000,,23.183673469387756
Alphas Leken Kishoyian,M,21.0,167.0,59.0,Kenya,2016,,21.15529420201513
David Kitur,M,21.0,183.0,73.0,Kenya,1984,,21.798202394816208
David Kitur,M,29.0,183.0,73.0,Kenya,1992,,21.798202394816208
Samson Kitur,M,26.0,186.0,77.0,Kenya,1992,Bronze,22.256908313099782
Samson Kitur,M,30.0,186.0,77.0,Kenya,1996,,22.256908313099782
Marcel Klarenbeek,M,20.0,182.0,76.0,Netherlands,1980,,22.944088878154812
Piotr Arkadiusz Klimczak,M,24.0,182.0,72.0,Poland,2004,,21.73650525298877
Ireneusz Kluczek,M,24.0,177.0,68.0,Poland,1964,,21.705129432793896
Rudolf Klupsch,M,31.0,173.0,69.0,Germany,1936,,23.054562464499316
Karel Knnick,M,28.0,176.0,72.0,Czechoslovakia,1936,,23.24380165289256
Mykhailo Mykolaiovych Knysh,M,24.0,179.0,79.0,Ukraine,2008,,24.65590961580475
Karel Kol,M,24.0,182.0,73.0,Czechoslovakia,1980,,22.03840115928028
Alfred Knig,M,22.0,,,Austria,1936,,
Pl Koppn,M,21.0,,,Hungary,1900,,
Dmitry Alekseyevich Kosov,M,23.0,187.0,80.0,Unified Team,1992,,22.87740570219337
Stefan Kostrzewski,M,25.0,,,Poland,1928,,
Jerzy Wadysaw Kowalski,M,23.0,175.0,70.0,Poland,1960,,22.857142857142858
Tambusamy Krishnan,M,28.0,180.0,67.0,Malaysia,1972,,20.679012345679013
Sven Olof Krokstrm,M,24.0,,,Sweden,1920,,
Jean Krombach,M,26.0,,,Luxembourg,1936,,
Georges R. Krotoff,M,21.0,,,France,1928,,
Johnson Kubisa,M,28.0,173.0,73.0,Botswana,2000,,24.3910588392529
Hiroyoshi Kubota,M,23.0,168.0,53.0,Japan,1936,,18.778344671201815
Jrgen Khl,M,21.0,187.0,76.0,Germany,1956,,21.733535417083704
Markku Juhani Kukkoaho,M,25.0,189.0,82.0,Finland,1972,,22.955684331345708
Markku Juhani Kukkoaho,M,29.0,189.0,82.0,Finland,1976,,22.955684331345708
Kun Min-Mu,M,26.0,168.0,60.0,Chinese Taipei,1968,,21.258503401360546
Herman Kunnen,M,23.0,,,Belgium,1948,,
Jassim Karim Kuraishi,M,22.0,175.0,68.0,Iraq,1960,,22.20408163265306
Jassim Karim Kuraishi,M,26.0,175.0,68.0,Iraq,1964,,22.20408163265306
Lajos Kurunczy,M,27.0,,,Hungary,1924,,
Moses Kyeswa,M,26.0,178.0,68.0,Uganda,1984,,21.461936624163616
Marcus la Grange,M,26.0,186.0,84.0,South Africa,2004,,24.280263614290668
Sofine Labidi,M,20.0,186.0,69.0,Tunisia,2000,,19.944502254595907
Sofine Labidi,M,24.0,186.0,69.0,Tunisia,2004,,19.944502254595907
Vclav Labk-Gregan,M,18.0,,,Bohemia,1912,,
Mark Daniel Ladbrook,M,24.0,188.0,75.0,Australia,1996,,21.22000905387053
Du'aine Ladejo (Thorne-),M,25.0,187.0,84.0,Great Britain,1996,,24.02127598730304
Peter Laeng,M,22.0,180.0,75.0,Switzerland,1964,,23.14814814814815
Sven Lftman,M,20.0,183.0,80.0,Sweden,1908,,23.8884409806205
Marcel Lambrechts,M,29.0,178.0,75.0,Belgium,1960,,23.671253629592222
Karl Lampelmayer,M,,,,Austria,1906,,
Charles James Lane,M,19.0,,,Australia,1924,,
"Eugnius Joannes ""mile"" Langenraedt",M,20.0,,,Belgium,1928,,
Mario Lanzi,M,21.0,180.0,76.0,Italy,1936,,23.45679012345679
Ricardo Larios,M,23.0,169.0,54.0,Nicaragua,1976,,18.90690101887189
"Michael Denny ""Mike"" Larrabee",M,30.0,186.0,77.0,United States,1964,Gold,22.256908313099782
Carl Rune Larsson,M,24.0,178.0,70.0,Sweden,1948,,22.093170054286077
Gumundur Lrusson,M,26.0,182.0,72.0,Iceland,1952,,21.73650525298877
Sean Thomas Lavan,M,25.0,182.0,,Ireland,1924,,
Sean Thomas Lavan,M,29.0,182.0,,Ireland,1928,,
James Arthur Lavery,M,23.0,,,Canada,1952,,
"James Gilbert ""Jim"" Lea, Jr.",M,24.0,183.0,68.0,United States,1956,,20.305174833527428
Harry Glover Lee,M,23.0,,,United States,1900,,
Beyene Legesse,M,,,,Ethiopia,1956,,
Leberecht Julius Erich Ernst Lehmann,M,21.0,170.0,62.0,Germany,1912,,21.453287197231834
Roger Leigh-Wood (Wood-),M,21.0,,,Great Britain,1928,,
Jnis Leitis,M,23.0,190.0,75.0,Latvia,2012,,20.775623268698062
Charles Louis Lelong,M,21.0,,,France,1912,,
Cephas Lemba,M,22.0,190.0,77.0,Zambia,1992,,21.329639889196677
Deon Christopher Lendore,M,19.0,179.0,75.0,Trinidad and Tobago,2012,,23.40750912892856
Deon Christopher Lendore,M,23.0,179.0,75.0,Trinidad and Tobago,2016,,23.40750912892856
Yoandys Alberto Lescay Prado,M,22.0,181.0,77.0,Cuba,2016,,23.503556057507403
Nigel Levine,M,23.0,176.0,72.0,Great Britain,2012,,23.24380165289256
"Leslie Charles ""Les"" Lewis",M,23.0,174.0,67.0,Great Britain,1948,,22.12973972783723
"Leslie Charles ""Les"" Lewis",M,27.0,174.0,67.0,Great Britain,1952,,22.12973972783723
"Raymond Gray ""Ray"" Lewis",M,21.0,186.0,74.0,Canada,1932,,21.389756041160826
"Steven Earl ""Steve"" Lewis",M,19.0,188.0,84.0,United States,1988,Gold,23.766410140334994
"Steven Earl ""Steve"" Lewis",M,23.0,188.0,84.0,United States,1992,Silver,23.766410140334994
Li Po-Ting,M,23.0,179.0,67.0,Chinese Taipei,1960,,20.91070815517618
Claudio Licciardello,M,22.0,186.0,73.0,Italy,2008,,21.100705283847844
Eric Henry Liddell,M,22.0,173.0,68.0,Great Britain,1924,Gold,22.720438370810918
Rico Lieder,M,20.0,186.0,67.0,Germany,1992,,19.36640073996994
"James Davies ""Jim"" Lightbody",M,24.0,173.0,61.0,United States,1906,,20.38156971499215
Marshall Nielsen Limon,M,20.0,184.0,75.0,Canada,1936,,22.152646502835537
Lin Kuang-Liang,M,19.0,175.0,65.0,Chinese Taipei,1988,,21.224489795918366
"Edward Ferdinand Jacob ""Ed"" Lindberg",M,25.0,177.0,76.0,United States,1912,Bronze,24.25867407194612
Eric Lindholm,M,21.0,188.0,78.0,Sweden,1912,,22.06880941602535
Robert Alexander Lindsay,M,30.0,,,Great Britain,1920,,
Davison Lishebo,M,29.0,184.0,73.0,Zambia,1984,,21.561909262759926
Yury Nikolayevich Lituyev,M,27.0,183.0,78.0,Soviet Union,1952,,23.29122995610499
Liu Xiaosheng,M,20.0,190.0,77.0,China,2008,,21.329639889196677
Hector Llatser,M,26.0,190.0,80.0,France,1984,,22.1606648199446
Chris Joey Lloyd,M,23.0,173.0,68.0,Dominica,2004,,22.720438370810918
Jos Gerardo L'Oficial Olivero,M,20.0,180.0,77.0,Dominican Republic,1968,,23.765432098765434
"John Wilfrid ""Johnny"" Loaring",M,20.0,178.0,74.0,Canada,1936,,23.355636914530994
Leonardo Loforte,M,27.0,174.0,64.0,Mozambique,1984,,21.13885585942661
Filipe Graca Lomb,M,28.0,186.0,86.0,Portugal,1988,,24.85836512891664
Vincenzo Lombardo,M,20.0,180.0,78.0,Italy,1952,,24.074074074074073
"Maxwell Warburn ""Maxey"" Long",M,21.0,182.0,75.0,United States,1900,Gold,22.642192971863302
Alberto Lpez Davila,M,21.0,175.0,68.0,Guatemala,1984,,22.20408163265306
Ren Lpez Escobar,M,21.0,190.0,76.0,El Salvador,1984,,21.05263157894737
Yeimer Lpez Garca,M,21.0,185.0,78.0,Cuba,2004,,22.790357925493062
Harvey Hurd Lord,M,21.0,,,United States,1900,,
Malik Khaled Ahmed Louahla,M,22.0,176.0,75.0,Algeria,2000,,24.212293388429753
Richard Louis,M,20.0,181.0,70.0,Barbados,1984,,21.36686914318855
Richard Louis,M,24.0,181.0,70.0,Barbados,1988,,21.36686914318855
Albert Otto Rudolf Lowagie,M,22.0,,,Belgium,1952,,
"Jonnie Eduardo ""Jonni"" Lowe Henrquez",M,24.0,172.0,70.0,Honduras,2004,,23.66143861546782
Stephen Lado Lugor,M,,192.0,82.0,Sudan,1992,,22.24392361111111
Luis Ral Luna Lemus,M,20.0,195.0,89.0,Venezuela,2004,,23.405654174884944
Louis Frederik Valdemar Lundgren,M,27.0,,,Denmark,1928,,
Kurt Anders Valdemar Lundquist,M,22.0,190.0,75.0,Sweden,1948,,20.775623268698062
Emilio Lunghi,M,25.0,179.0,70.0,Italy,1912,,21.847008520333322
J. Jacques Lunis,M,25.0,181.0,72.0,France,1948,,21.97735111870822
Charles Lupiya,M,27.0,172.0,76.0,Zambia,1980,,25.689561925365062
"James Ellis ""Jimmy"" LuValle",M,23.0,185.0,73.0,United States,1936,Bronze,21.32943754565376
"Frederick William ""Fred"" Macbeth, Jr.",M,18.0,,,Canada,1928,,
Ismail Maev,M,28.0,167.0,61.0,Yugoslavia,1988,,21.872422819032593
Gerard Zygfryd Mach,M,25.0,175.0,71.0,Poland,1952,,23.183673469387756
Ross MacKenzie,M,22.0,183.0,72.0,Canada,1968,,21.499596882558453
Robert Makowiak,M,30.0,180.0,78.0,Poland,2000,,24.074074074074073
Brian MacLaren,M,28.0,180.0,75.0,Canada,1972,,23.14814814814815
Christopher Madzokere,M,30.0,177.0,72.0,Zimbabwe,1984,,22.981901752370007
Ennio Maffiolini,M,,,,Italy,1924,,
Ramon Magarios Duro,M,20.0,182.0,75.0,Spain,1968,,22.642192971863302
Lszl Magdics (Mtrai-),M,25.0,,,Hungary,1928,,
Bachir Mahamat,M,19.0,186.0,59.0,Chad,2016,,17.053994681466065
Nicodemus Maipampe,M,30.0,168.0,63.0,Zambia,1972,,22.321428571428573
Mamman Makama,M,21.0,174.0,72.0,Nigeria,1968,,23.781212841854934
Mdard Makanga,M,25.0,180.0,75.0,Congo (Brazzaville),1992,,23.14814814814815
Isaac Makwala,M,25.0,185.0,78.0,Botswana,2012,,22.790357925493062
Isaac Makwala,M,29.0,185.0,78.0,Botswana,2016,,22.790357925493062
Vctor Maldonado Flores,M,25.0,183.0,63.0,Venezuela,1964,,18.812147272238647
"Georges Dsir ""Go"" Malfait",M,27.0,169.0,60.0,France,1906,,21.007667798746542
"Georges Dsir ""Go"" Malfait",M,29.0,169.0,60.0,France,1908,,21.007667798746542
"Georges Dsir ""Go"" Malfait",M,33.0,169.0,60.0,France,1912,,21.007667798746542
Arnaud Malherbe,M,23.0,187.0,73.0,South Africa,1996,,20.87563270325145
Arnaud Malherbe,M,27.0,187.0,73.0,South Africa,2000,,20.87563270325145
Stefano Malinverni,M,21.0,180.0,73.0,Italy,1980,,22.530864197530864
Einar Mangset,M,26.0,,,Norway,1920,,
Flix Ivn Mangual Guilbe,M,24.0,177.0,66.0,Puerto Rico,1976,,21.06674327300584
Horst Mann,M,29.0,178.0,67.0,Germany,1956,,21.146319909102385
Khristos Mantikas,M,,183.0,73.0,Greece,1932,,21.798202394816208
Marcin Waldemar Marciniszyn,M,29.0,185.0,77.0,Poland,2012,,22.4981738495252
Evans Marie,M,21.0,176.0,73.0,Seychelles,2004,,23.56663223140496
Lamine Marikong,M,22.0,,,Gambia,1992,,
Viktor Fyodorovich Markin,M,23.0,183.0,73.0,Soviet Union,1980,Gold,21.798202394816208
Roxbert Martin,M,26.0,178.0,66.0,Jamaica,1996,,20.830703194041156
Jean-Paul Marc Pierre Martin du Gard,M,29.0,182.0,75.0,France,1956,,22.642192971863302
Carlos Felipe Martnez Diosa,M,23.0,176.0,70.0,Cuba,1968,,22.598140495867767
Flix Adolfo Martnez Cuevas,M,23.0,183.0,75.0,Puerto Rico,2008,,22.39541341933172
Jos N. Martnez Garza,M,,,,Mexico,1924,,
Gakologelwang Lesiba Masheto,M,23.0,178.0,60.0,Botswana,2008,,18.93700290367378
Pavel Maslk,M,21.0,176.0,66.0,Czech Republic,2012,,21.306818181818183
Pavel Maslk,M,25.0,176.0,66.0,Czech Republic,2016,,21.306818181818183
Yousef Ahmed Al-Masrahi,M,24.0,176.0,76.0,Saudi Arabia,2012,,24.535123966942148
"James ""Jimmy"" Massallay",M,27.0,175.0,60.0,Sierra Leone,1980,,19.591836734693878
Iwao Masuda,M,17.0,,,Japan,1932,,
Michael Walter Mathieu,M,24.0,178.0,76.0,Bahamas,2008,,23.986870344653454
Junkichi Matoba,M,21.0,168.0,65.0,Japan,1952,,23.030045351473923
Ollie Genoa Matson,M,22.0,188.0,89.0,United States,1952,Bronze,25.18107741059303
"Vincent Edward ""Vince"" Matthews",M,24.0,187.0,81.0,United States,1972,Gold,23.16337327347079
Sunday Maweni,M,29.0,190.0,85.0,Botswana,1988,,23.545706371191137
"Ernest John ""Ernie"" McCullough, Jr.",M,22.0,,,Canada,1948,,
Michael L. McDonald,M,21.0,183.0,85.0,Jamaica,1996,,25.381468541909285
Rusheen McDonald,M,19.0,175.0,81.0,Jamaica,2012,,26.448979591836736
Rusheen McDonald,M,23.0,175.0,81.0,Jamaica,2016,,26.448979591836736
"Robert Malcolm ""Bob"" McFarlane",M,21.0,178.0,75.0,Canada,1948,,23.671253629592222
Danny D. McFarlane,M,28.0,183.0,75.0,Jamaica,2000,,22.39541341933172
"Donald Cecil ""Don"" McFarlane",M,22.0,,,Canada,1948,,
Troy McIntosh,M,23.0,178.0,73.0,Bahamas,1996,,23.040020199469765
Troy McIntosh,M,27.0,178.0,73.0,Bahamas,2000,,23.040020199469765
Antonio Ricardo McKay,M,20.0,183.0,77.0,United States,1984,Bronze,22.992624443847234
"Herbert Henry ""Herb"" McKenley",M,26.0,185.0,72.0,Jamaica,1948,Silver,21.0372534696859
"Herbert Henry ""Herb"" McKenley",M,30.0,185.0,72.0,Jamaica,1952,Silver,21.0372534696859
Michael Adrian McLean,M,22.0,185.0,77.0,Canada,1992,,22.4981738495252
Tony McQuay,M,22.0,181.0,72.0,United States,2012,,21.97735111870822
Fanahan McSweeney,M,25.0,183.0,76.0,Ireland,1972,,22.694018931589476
Didier Meja Esquivel,M,23.0,172.0,65.0,Mexico,1964,,21.97133585722012
Francisco Mauricio Menocal,M,22.0,175.0,70.0,Nicaragua,1968,,22.857142857142858
Francisco Mauricio Menocal,M,26.0,175.0,70.0,Nicaragua,1972,,22.857142857142858
Menso Johannes Menso,M,21.0,,,Netherlands,1924,,
"James Edwin ""Ted"" Meredith",M,20.0,175.0,71.0,United States,1912,,23.183673469387756
"James Edwin ""Ted"" Meredith",M,28.0,175.0,71.0,United States,1920,,23.183673469387756
Ned Alvin Merriam,M,23.0,178.0,61.0,United States,1908,,19.252619618735007
LaShawn Merritt,M,22.0,191.0,86.0,United States,2008,Gold,23.573915188728378
LaShawn Merritt,M,26.0,191.0,86.0,United States,2012,,23.573915188728378
LaShawn Merritt,M,30.0,191.0,86.0,United States,2016,Bronze,23.573915188728378
Nafi Ahmed Hamed Mersal,M,24.0,180.0,86.0,Egypt,1984,,26.54320987654321
Adrian Peter Metcalfe,M,22.0,188.0,87.0,Great Britain,1964,,24.615210502489813
Karl-Adolf Metzner,M,22.0,180.0,80.0,Germany,1932,,24.691358024691358
Karl-Adolf Metzner,M,26.0,180.0,80.0,Germany,1936,,24.691358024691358
Jules Felix Migeot,M,21.0,,,Belgium,1920,,
Jules Felix Migeot,M,25.0,,,Belgium,1924,,
Jean ric Milazar,M,25.0,190.0,80.0,Mauritius,2000,,22.1606648199446
Jean ric Milazar,M,29.0,190.0,80.0,Mauritius,2004,,22.1606648199446
Jean ric Milazar,M,33.0,190.0,80.0,Mauritius,2008,,22.1606648199446
Joel Milburn,M,22.0,182.0,75.0,Australia,2008,,22.642192971863302
"Sven Osvald ""Ossi"" Mildh",M,22.0,180.0,82.5,Finland,1952,,25.462962962962962
Leslie Osborne Miller,M,20.0,191.0,77.0,Bahamas,1968,,21.106877552698666
Ramon Salomon Miller,M,25.0,180.0,67.0,Bahamas,2012,,20.679012345679013
Mohamed Hossain Milzer,M,21.0,174.0,65.0,Bangladesh,1988,,21.469150482230148
Gary John Minihan,M,22.0,175.0,70.0,Australia,1984,,22.857142857142858
Joaqun Miquel Casas,M,,,,Spain,1928,,
S. Christophe Mirgain,M,21.0,,,Luxembourg,1924,,
Yahiko Mishima,M,26.0,,,Japan,1912,,
Oleg Olegovich Mishukov,M,23.0,183.0,71.0,Russia,2004,,21.200991370300695
"Richard Charles ""Rick"" Mitchell",M,21.0,183.0,71.0,Australia,1976,,21.200991370300695
"Richard Charles ""Rick"" Mitchell",M,25.0,183.0,71.0,Australia,1980,Silver,21.200991370300695
Ato Modibo-Stephens,M,21.0,188.0,78.0,Trinidad and Tobago,2000,,22.06880941602535
Ato Modibo-Stephens,M,25.0,188.0,78.0,Trinidad and Tobago,2004,,22.06880941602535
Ato Modibo-Stephens,M,29.0,188.0,78.0,Trinidad and Tobago,2008,,22.06880941602535
Roger Moens,M,22.0,175.0,70.0,Belgium,1952,,22.857142857142858
Abdulla Mohamed Hussein,M,16.0,170.0,54.0,Somalia,2004,,18.685121107266436
Henry Mahlomola Mohoanyane,M,28.0,175.0,67.0,Lesotho,1992,,21.877551020408163
Hendrik Mokganyetsi,M,20.0,182.0,70.0,South Africa,1996,,21.132713440405748
Hendrik Mokganyetsi,M,25.0,182.0,70.0,South Africa,2000,,21.132713440405748
California Molefe,M,24.0,172.0,62.0,Botswana,2004,,20.9572742022715
Sven Gsta Mller,M,24.0,,,Sweden,1912,,
Tams Molnr,M,24.0,183.0,75.0,Hungary,1992,,22.39541341933172
William Arthur Moloney,M,23.0,,,United States,1900,,
"Percival Talbot ""Percy"" Molson",M,23.0,184.0,,Canada,1904,,
Mama Moluh,M,26.0,,,Cameroon,1984,,
Avard Moncur,M,21.0,193.0,87.0,Bahamas,2000,,23.35633171360305
Carlos Monges Caldera,M,22.0,180.0,66.0,Mexico,1948,,20.37037037037037
Edwin Herbert Montague,M,23.0,,,Great Britain,1908,,
Jude Monye,M,22.0,188.0,79.0,Nigeria,1996,,22.351742870076958
Jude Monye,M,26.0,188.0,79.0,Nigeria,2000,,22.351742870076958
Jess Moraila Morales,M,,175.0,,Mexico,1928,,
Mpho Jonas Morobe,M,29.0,172.0,60.0,Lesotho,1996,,20.281233098972418
Franois Morren,M,21.0,,,Belgium,1920,,
Devon Morris,M,23.0,180.0,75.0,Jamaica,1984,,23.14814814814815
Devon Morris,M,27.0,180.0,75.0,Jamaica,1988,,23.14814814814815
Devon Morris,M,31.0,180.0,75.0,Jamaica,1992,,23.14814814814815
Ian Morris,M,26.0,175.0,65.0,Trinidad and Tobago,1988,,21.224489795918366
Ian Morris,M,30.0,175.0,65.0,Trinidad and Tobago,1992,,21.224489795918366
Charles Moses,M,30.0,189.0,72.0,Ghana,1984,,20.15621063240111
Geiner Alonso Mosquera Becerra,M,24.0,187.0,75.0,Colombia,2008,,21.447567845806287
Jonas Matas Motiejnas,M,25.0,188.0,77.0,Lithuania,2000,,21.785875961973744
Wendell Adrian Mottley,M,23.0,173.0,72.0,Trinidad and Tobago,1964,Silver,24.056934745564504
Fay R. Moulton,M,30.0,175.0,70.0,United States,1906,,22.857142857142858
William Msiska,M,24.0,174.0,69.0,Malawi,1972,,22.79032897344431
Phillip Mukomana,M,26.0,188.0,80.0,Zimbabwe,2000,,22.634676324128566
Helmar Mller,M,29.0,180.0,74.0,West Germany,1968,,22.839506172839506
Wolfgang Mller,M,25.0,180.0,69.0,East Germany,1968,,21.296296296296298
Vincent Mumo Kiilu,M,22.0,163.0,56.0,Kenya,2004,,21.077195227520797
Vincent Mumo Kiilu,M,26.0,163.0,56.0,Kenya,2008,,21.077195227520797
Ral Muoz,M,20.0,,,Chile,1936,,
Miles Murphy,M,21.0,185.0,75.0,Australia,1988,,21.91380569758948
Enock Musonda,M,22.0,164.0,55.0,Zambia,1988,,20.44913741820345
Agripa Mwausegha,M,28.0,174.0,66.0,Malawi,1984,,21.79944510503369
Jzsef Nagy,M,26.0,,,Hungary,1908,,
Jean-Claude Nallet,M,21.0,187.0,85.0,France,1968,,24.307243558580456
Hussain Ali Nasayyif,M,,170.0,72.0,Iraq,1980,,24.913494809688583
Walter Nehb,M,23.0,173.0,,Germany,1932,,
Bryshon Lorenzo Nellum,M,23.0,183.0,80.0,United States,2012,,23.8884409806205
Francisc Neme,M,29.0,,,Romania,1936,,
Otto Neumann,M,25.0,178.0,71.0,Germany,1928,,22.408786769347305
David Neville,M,24.0,193.0,77.0,United States,2008,Bronze,20.671695884453275
"Frederick Vaughn ""Fred"" Newhouse",M,27.0,175.0,68.0,United States,1976,Silver,22.20408163265306
Eulogio Ngache Luembe,M,20.0,,,Equatorial Guinea,1992,,
George Nicol,M,21.0,,,Great Britain,1908,,
George Nicol,M,25.0,,,Great Britain,1912,,
Christian Nicolau,M,21.0,174.0,65.0,France,1968,,21.469150482230148
Sunder Lamont Nix,M,22.0,175.0,65.0,United States,1984,,21.224489795918366
Elijah Nkala,M,24.0,165.0,69.0,Zimbabwe,1988,,25.34435261707989
Thophile Clorico Nkounkou,M,20.0,176.0,74.0,Congo (Brazzaville),1972,,23.889462809917354
Thomas N'Ma,M,28.0,175.0,64.0,Liberia,1972,,20.897959183673468
Avognan Nogboun,M,,183.0,73.0,Cote d'Ivoire,1976,,21.798202394816208
Roy Douglas Norman,M,27.0,,,Australia,1924,,
Carlos Noroa Gutirrez,M,19.0,172.0,70.0,Cuba,1976,,23.66143861546782
Tokushige Noto,M,22.0,,,Japan,1924,,
Camera Ntereke,M,28.0,183.0,72.0,Botswana,1992,,21.499596882558453
Georg Nckles,M,24.0,181.0,71.0,West Germany,1972,,21.672110130948383
Andrea Nuti,M,25.0,185.0,75.0,Italy,1992,,21.91380569758948
Hezekiah Munyoro Nyamau,M,25.0,170.0,68.0,Kenya,1968,,23.529411764705884
Hezekiah Munyoro Nyamau,M,29.0,170.0,68.0,Kenya,1972,,23.529411764705884
Elkana Nyangau,M,,169.0,62.0,Kenya,1988,,21.707923392038094
Young Talkmore Nyongani,M,20.0,178.0,75.0,Zimbabwe,2004,,23.671253629592222
Young Talkmore Nyongani,M,24.0,178.0,75.0,Zimbabwe,2008,,23.671253629592222
Kennedy Ochieng,M,24.0,183.0,73.0,Kenya,1996,,21.798202394816208
Kennedy Ochieng,M,28.0,183.0,73.0,Kenya,2000,,21.798202394816208
Francis Ogola,M,19.0,183.0,74.0,Uganda,1992,,22.096807907073966
Francis Ogola,M,23.0,183.0,74.0,Uganda,1996,,22.096807907073966
Pushpa Raj Ojha,M,24.0,177.0,58.0,Nepal,1984,,18.51319863385362
Robert Ojo,M,31.0,180.0,70.0,Nigeria,1972,,21.604938271604937
Ibrahim Okash Omar,M,19.0,180.0,65.0,Somalia,1984,,20.061728395061728
Seikan Oki,M,25.0,,,Japan,1932,,
"Michael ""Mike"" Okot",M,25.0,173.0,60.0,Uganda,1984,,20.04744562130375
Clarence Winston Oldfield,M,20.0,178.0,59.0,South Africa,1920,,18.62138618861255
Clarence Winston Oldfield,M,24.0,178.0,59.0,South Africa,1924,,18.62138618861255
"Carl Oliver, Jr.",M,27.0,178.0,80.0,Bahamas,1996,,25.24933720489837
Stefan Odak,M,19.0,175.0,64.0,Poland,1924,,20.897959183673468
Rafa Omelko,M,27.0,195.0,75.0,Poland,2016,,19.723865877712033
Amos Omolo,M,27.0,178.0,74.0,Uganda,1964,,23.355636914530994
Amos Omolo,M,31.0,178.0,74.0,Uganda,1968,,23.355636914530994
Shigekazu Omori,M,24.0,180.0,62.0,Japan,1996,,19.135802469135804
Kyriakos Onisiforou,M,21.0,178.0,69.0,Greece,1972,,21.777553339224845
Jun Osakada,M,26.0,177.0,67.0,Japan,2000,,21.38593635289987
Jun Osakada,M,30.0,177.0,67.0,Japan,2004,,21.38593635289987
Sergio Eliseo Ottolina,M,25.0,174.0,68.0,Italy,1968,,22.460034350640772
Youba Mohamed Ould H'Mede,M,28.0,179.0,67.0,Mauritania,2004,,20.91070815517618
Djibo Idrissa Ousseini,M,17.0,178.0,72.0,Niger,2016,,22.724403484408533
Fahir zgden,M,,179.0,71.0,Turkey,1960,,22.15910864205237
Diego Armando Palomeque Echevarra,M,22.0,176.0,67.0,Colombia,2016,,21.62964876033058
"Maxwell Lander ""Maxie"" Parks",M,25.0,188.0,78.0,United States,1976,,22.06880941602535
Sanderlei Claro Parrela,M,19.0,194.0,77.0,Brazil,1996,,20.45913487086832
Sanderlei Claro Parrela,M,23.0,194.0,77.0,Brazil,2000,,20.45913487086832
Eli Burton Parsons,M,21.0,170.0,59.0,United States,1906,,20.41522491349481
George Herbert Patching,M,25.0,184.0,77.0,South Africa,1912,,22.743383742911153
Alan Patterson,M,22.0,,,Great Britain,1908,,
Alan Patterson,M,26.0,,,Great Britain,1912,,
"Michael ""Mike"" Paul",M,27.0,185.0,77.0,Trinidad and Tobago,1984,,22.4981738495252
"Adriaan ""Adje"" Paulen",M,21.0,184.0,78.0,Netherlands,1924,,23.03875236294896
"Adriaan ""Adje"" Paulen",M,25.0,184.0,78.0,Netherlands,1928,,23.03875236294896
"Peder Alexander ""Alex"" Pedersen",M,21.0,182.0,70.0,Norway,1912,,21.132713440405748
Ole Jacob Pedersen,M,23.0,183.0,70.0,Norway,1912,,20.90238585804294
Geraldo Jos Pegado,M,25.0,185.0,73.0,Brazil,1980,,21.32943754565376
Arismendy Peguero Thicket,M,28.0,183.0,79.0,Dominican Republic,2008,,23.589835468362747
Claro Alpe Pellosis,M,25.0,162.0,54.0,Philippines,1960,,20.5761316872428
David P. Peltier,M,20.0,180.0,70.0,Barbados,1984,,21.604938271604937
Roberto Penna,M,22.0,,,Italy,1908,,
Jacques Pennewaert,M,24.0,184.0,76.0,Belgium,1964,,22.448015122873347
Jacques Pennewaert,M,28.0,184.0,76.0,Belgium,1968,,22.448015122873347
Kenneth Perera,M,22.0,,,Malaya,1956,,
"Jakob ""Jacques"" Person",M,23.0,182.0,81.0,Germany,1912,,24.453568409612366
Hans Frederik Aage Petersen,M,22.0,,,Denmark,1906,,
Alf Roland Petersson,M,27.0,190.0,80.0,Sweden,1960,,22.1606648199446
Stefanos Petrakis,M,23.0,174.0,62.0,Greece,1948,,20.478266613819528
Kiril Petrunov,M,,,,Bulgaria,1924,,
Sten Karl Leopold Pettersson,M,29.0,190.0,79.0,Sweden,1932,,21.883656509695292
Antonio Pettigrew,M,32.0,183.0,76.0,United States,2000,,22.694018931589476
Derrick Peynado,M,20.0,183.0,73.0,Jamaica,1980,,21.798202394816208
Joel Japheth Phillip,M,20.0,188.0,75.0,Grenada,2008,,21.22000905387053
Eric Phillips,M,17.0,174.0,68.0,Venezuela,1972,,22.460034350640772
"Hector ""Hec"" Phillips",M,30.0,175.0,,Canada,1920,,
Hermon Edgar Phillips,M,24.0,178.0,68.0,United States,1928,,21.461936624163616
Bobang Molebetsi Phiri,M,24.0,179.0,72.0,South Africa,1992,,22.47120876377142
Bobang Molebetsi Phiri,M,28.0,179.0,72.0,South Africa,1996,,22.47120876377142
Jerzy Pietrzyk,M,21.0,190.0,76.0,Poland,1976,,21.05263157894737
Jerzy Pietrzyk,M,25.0,190.0,76.0,Poland,1980,,21.05263157894737
Edmunds Plgs,M,25.0,172.0,67.0,Soviet Union,1952,,22.6473769605192
Paul Henry Pilgrim,M,20.0,180.0,75.0,United States,1904,,23.14814814814815
Paul Henry Pilgrim,M,22.0,180.0,75.0,United States,1906,Gold,23.14814814814815
Paul Henry Pilgrim,M,24.0,180.0,75.0,United States,1908,,23.14814814814815
Melesio Pia Oregel,M,20.0,174.0,64.0,Mexico,1968,,21.13885585942661
Demetrius Rashad Pinder,M,23.0,178.0,70.0,Bahamas,2012,,22.093170054286077
Phillip Pipersburg,M,29.0,168.0,63.0,Belize,1984,,22.321428571428573
Oscar Leonard Carl Pistorius,M,25.0,181.0,77.0,South Africa,2012,,23.503556057507403
Terence Keith Pitt,M,20.0,,,India,1924,,
Eutimio Evelio Planas del Ro,M,22.0,186.0,77.0,Cuba,1952,,22.256908313099782
George Coleman Poage,M,23.0,,,United States,1904,,
Antonio Sebastin Pocov,M,26.0,,,Argentina,1948,,
Jorge Fidel Ponce,M,20.0,172.0,56.0,Honduras,1988,,18.929150892374256
Wadysaw Ponurski,M,21.0,,,Austria,1912,,
Alexandre Casimir Charles Poulenard,M,27.0,,,France,1912,,
Rohan Handunpurage Pradeep Kumara,M,25.0,183.0,60.0,Sri Lanka,2000,,17.916330735465376
Rohan Handunpurage Pradeep Kumara,M,29.0,183.0,60.0,Sri Lanka,2004,,17.916330735465376
Karel Pibyl,M,20.0,,68.0,Czechoslovakia,1920,,
Karel Pibyl,M,24.0,,68.0,Czechoslovakia,1924,,
Leighton Priestley,M,21.0,180.0,66.0,Jamaica,1972,,20.37037037037037
Leighton Priestley,M,25.0,180.0,66.0,Jamaica,1976,,20.37037037037037
Franois Gaston Prinsen,M,22.0,,,Belgium,1928,,
Meyer Prinstein,M,25.0,180.0,74.0,United States,1904,,22.839506172839506
Jean Proess,M,23.0,,,Luxembourg,1920,,
William Christopher Prout,M,22.0,180.0,76.0,United States,1908,,23.45679012345679
Derek Charles Pugh,M,22.0,178.0,70.0,Great Britain,1948,,22.093170054286077
Domingos Puglisi,M,20.0,173.0,,Brazil,1932,,
Ebenezer Quaye Quartey,M,30.0,167.0,67.0,Ghana,1964,,24.02380867008498
"Yannick ""Yann"" Quentrec",M,22.0,190.0,75.0,France,1984,,20.775623268698062
George Hamilton Queyrouze,M,23.0,,,United States,1906,,
Renny Quow,M,20.0,170.0,66.0,Trinidad and Tobago,2008,,22.837370242214533
Marko Rai,M,28.0,168.0,62.0,Yugoslavia,1948,,21.967120181405896
Franklin Benjamin Rahming,M,27.0,176.0,68.0,Bahamas,1972,,21.952479338842974
Horace Patton Ramey,M,23.0,170.0,60.0,United States,1908,,20.761245674740483
Manuel Ramrez Caicedo,M,26.0,172.0,60.0,Colombia,1984,,20.281233098972418
Rosalvo da Costa Ramos,M,34.0,,,Brazil,1948,,
"Joseph ""Joe"" Ramotshabi",M,18.0,180.0,70.0,Botswana,1980,,21.604938271604937
"Joseph ""Joe"" Ramotshabi",M,22.0,180.0,70.0,Botswana,1984,,21.604938271604937
Godfrey Lionel Rampling,M,23.0,185.0,75.0,Great Britain,1932,,21.91380569758948
Godfrey Lionel Rampling,M,27.0,185.0,75.0,Great Britain,1936,,21.91380569758948
"John William ""Bill"" Ramsay",M,20.0,,,Australia,1948,,
Arsne Randriamahazomana,M,22.0,173.0,70.0,Madagascar,1984,,23.38868655818771
Jean-Louis Rapnouil,M,30.0,174.0,69.0,France,1996,,22.79032897344431
Marc Raquil,M,23.0,193.0,85.0,France,2000,,22.819404547773093
Grard Rasquin,M,24.0,181.0,74.0,Luxembourg,1952,,22.587833094227893
Grard Rasquin,M,29.0,181.0,74.0,Luxembourg,1956,,22.587833094227893
"James Patrick ""Jimmy"" Reardon",M,22.0,,,Ireland,1948,,
Derek Anthony Redmond,M,26.0,183.0,70.0,Great Britain,1992,,20.90238585804294
Reginald Charles Reed,M,27.0,,,Great Britain,1906,,
Abdul Rehman,M,23.0,,,Pakistan,1952,,
"Franois tienne ""Frantz"" Reichel",M,25.0,,,France,1896,,
Charles Decker Reidpath,M,22.0,181.0,76.0,United States,1912,Gold,23.198315069747565
George Russell Renwick,M,22.0,,,Great Britain,1924,,
"Hans-Joachim ""Jochen"" Reske",M,20.0,184.0,80.0,Germany,1960,,23.629489603024574
"Harry Lee ""Butch"" Reynolds, Jr.",M,24.0,193.0,84.0,United States,1988,Silver,22.550940964858118
"Harry Lee ""Butch"" Reynolds, Jr.",M,32.0,193.0,84.0,United States,1996,,22.550940964858118
Martin Edward Reynolds,M,23.0,185.0,77.0,Great Britain,1972,,22.4981738495252
George Vincent Rhoden,M,21.0,178.0,68.0,Jamaica,1948,,21.461936624163616
George Vincent Rhoden,M,25.0,178.0,68.0,Jamaica,1952,Gold,21.461936624163616
Tibor Ribnyi,M,22.0,,,Hungary,1936,,
Danilson Ricciuli,M,21.0,175.0,76.0,Guinea Bissau,2004,,24.816326530612244
Karl Arvid Ringstrand,M,20.0,,,Sweden,1908,,
"Jan William Joslin ""John"" Rinkel",M,23.0,183.0,75.0,Great Britain,1928,,22.39541341933172
Felix Rinner,M,21.0,185.0,,Austria,1932,,
"Francisco ""Frank"" Rivera Paniagua",M,24.0,175.0,59.0,Puerto Rico,1952,,19.26530612244898
Syed Meshaq Rizvi,M,22.0,175.0,65.0,Pakistan,1984,,21.224489795918366
Robert Campbell Robb,M,26.0,,,Great Britain,1908,,
William Corbett Robbins,M,22.0,,,United States,1908,,
"William ""Bill"" Roberts",M,24.0,173.0,70.0,Great Britain,1936,,23.38868655818771
"William ""Bill"" Roberts",M,36.0,173.0,70.0,Great Britain,1948,,23.38868655818771
Gil Roberts,M,27.0,188.0,82.0,United States,2016,,23.20054323223178
Lawson Robertson,M,22.0,183.0,68.0,United States,1906,,20.305174833527428
"Raymond Amos ""Ray"" Robertson",M,22.0,175.0,61.0,United States,1924,,19.918367346938776
Barry Clyde Robinson,M,23.0,187.0,76.0,New Zealand,1960,,21.733535417083704
"Giovanni ""Gianni"" Rocca",M,23.0,,,Italy,1952,,
"Kenneth James ""Ken"" Roche",M,22.0,188.0,84.0,Australia,1964,,23.766410140334994
"Joseph ""Joe"" Rodan",M,33.0,185.0,75.0,Fiji,1984,,21.91380569758948
"Joseph ""Joe"" Rodan",M,37.0,185.0,75.0,Fiji,1988,,21.91380569758948
Jaime Nharimue Rodrigues,M,33.0,181.0,71.0,Mozambique,1988,,21.672110130948383
Jaime Nharimue Rodrigues,M,37.0,181.0,71.0,Mozambique,1992,,21.672110130948383
Ivn Rodrguez Padilla,M,19.0,174.0,63.0,Puerto Rico,1956,,20.808561236623067
Ivn Rodrguez Padilla,M,23.0,174.0,63.0,Puerto Rico,1960,,20.808561236623067
Francisco Rojas Soto,M,21.0,180.0,73.0,Paraguay,1972,,22.530864197530864
Fabian Nicholas Rollins,M,24.0,188.0,77.0,Barbados,2000,,21.785875961973744
Georges-Joseph Jean Baptiste Rolot,M,22.0,,,France,1912,,
Martyn Joseph Rooney,M,21.0,198.0,81.0,Great Britain,2008,,20.66115702479339
Martyn Joseph Rooney,M,25.0,198.0,81.0,Great Britain,2012,,20.66115702479339
Martyn Joseph Rooney,M,29.0,198.0,81.0,Great Britain,2016,,20.66115702479339
Argemiro Roque,M,28.0,180.0,64.0,Brazil,1952,,19.753086419753085
Mario Rosas Ruiz,M,,,,Colombia,1948,,
James Maher Rosenberger,M,25.0,186.0,73.0,United States,1912,,21.100705283847844
Ak Hafiy Tajuddin Rositi,M,21.0,175.0,64.0,Brunei,2012,,20.897959183673468
Claude Murray Ross,M,18.0,170.0,67.0,Australasia,1912,,23.18339100346021
Stephen Bartonjo Rotich,M,18.0,165.0,63.0,Kenya,1956,,23.140495867768596
Stephen Bartonjo Rotich,M,22.0,165.0,63.0,Kenya,1960,,23.140495867768596
Emmanuel Rubayiza,M,18.0,180.0,72.0,Rwanda,1996,,22.22222222222222
Bevil Gordon d'Urban Rudd,M,24.0,180.0,77.0,South Africa,1920,Gold,23.765432098765434
Daniel Matasi Rudisha,M,23.0,180.0,76.0,Kenya,1968,,23.45679012345679
Johannes Runge,M,26.0,185.0,75.0,Germany,1904,,21.91380569758948
Johannes Runge,M,28.0,185.0,75.0,Germany,1906,,21.91380569758948
Alonzo Russell,M,24.0,174.0,68.0,Bahamas,2016,,22.460034350640772
Mathias Rusterholz,M,24.0,183.0,71.0,Switzerland,1996,,21.200991370300695
Edward Hewish Ryle,M,22.0,,,Great Britain,1908,,
Piotr Grzegorz Rysiukiewicz,M,22.0,174.0,65.0,Poland,1996,,21.469150482230148
Piotr Grzegorz Rysiukiewicz,M,26.0,174.0,65.0,Poland,2000,,21.469150482230148
Mohamed Saad Mubarak,M,23.0,164.0,64.0,Kuwait,1972,,23.79535990481856
"Zvonimir ""Zvonko"" Sabolovi",M,25.0,185.0,68.0,Yugoslavia,1948,,19.868517165814463
Muhammad Sadiq,M,26.0,183.0,88.0,Pakistan,1964,,26.277285078682553
Nusrat Iqbal Sahi,M,22.0,175.0,82.0,Pakistan,1972,,26.775510204081634
Moussa Said,M,21.0,180.0,64.0,Ethiopia,1960,,19.753086419753085
Muhammad Sajid Ahmad,M,24.0,182.0,72.0,Pakistan,2004,,21.73650525298877
Aktawat Sakoolchan,M,19.0,179.0,64.0,Thailand,1992,,19.97440779001904
Jos Vicente Salinas,M,,175.0,69.0,Chile,1928,,22.53061224489796
John Edward Salisbury,M,22.0,180.0,70.0,Great Britain,1956,,21.604938271604937
Ezra Kenyoke Sambu,M,25.0,175.0,70.0,Kenya,2004,,22.857142857142858
Alexander Lerionka Sampao,M,19.0,,67.0,Kenya,2016,,
Antonio Snchez Muoz,M,20.0,181.0,72.0,Spain,1984,,21.97735111870822
Antonio Snchez Muoz,M,24.0,181.0,72.0,Spain,1988,,21.97735111870822
"Michael ""Mike"" Sands",M,23.0,183.0,76.0,Bahamas,1976,,22.694018931589476
Felix Sandy,M,23.0,178.0,70.0,Sierra Leone,1988,,22.093170054286077
Donald Eugene Sanford,M,25.0,196.0,81.0,Israel,2012,,21.08496459808413
Donald Eugene Sanford,M,29.0,196.0,81.0,Israel,2016,,21.08496459808413
Julius Sang,M,26.0,175.0,69.0,Kenya,1972,Bronze,22.53061224489796
Lucas Kipkemboi Sang,M,25.0,188.0,72.0,Kenya,1988,,20.371208691715708
Carlos Yohelin Santa Ramrez,M,22.0,183.0,77.0,Dominican Republic,2000,,22.992624443847234
Carlos Yohelin Santa Ramrez,M,26.0,183.0,77.0,Dominican Republic,2004,,22.992624443847234
Lugueln Miguel Santos Aquino,M,18.0,173.0,58.0,Dominican Republic,2012,Silver,19.37919743392696
Lugueln Miguel Santos Aquino,M,22.0,173.0,58.0,Dominican Republic,2016,,19.37919743392696
Samuel Sarkpa,M,23.0,175.0,64.0,Liberia,1984,,20.897959183673468
Mitsuhiro Sato,M,24.0,175.0,62.0,Japan,2004,,20.244897959183675
Reinhold Saulmann,M,24.0,184.0,75.0,Estonia,1920,,22.152646502835537
Brian Saunders,M,24.0,183.0,68.0,Canada,1976,,20.305174833527428
Brian Saunders,M,32.0,183.0,68.0,Canada,1984,,20.305174833527428
Savin Chem,M,28.0,171.0,67.0,Cambodia,1972,,22.913033070004445
Habib Zareef Sayed,M,23.0,170.0,58.0,Afghanistan,1960,,20.069204152249135
Frank Schaffer,M,21.0,188.0,80.0,East Germany,1980,Bronze,22.634676324128566
Francis Schewetta,M,28.0,180.0,72.0,France,1948,,22.22222222222222
George Sylvester Schiller,M,19.0,175.0,66.0,United States,1920,,21.551020408163264
Horst-Rdiger Schlske (Pfau-),M,26.0,177.0,65.0,West Germany,1972,,20.747550193111813
Reinhold Schmidt,M,25.0,178.0,69.0,Germany,1928,,21.777553339224845
Johannes Schmitt,M,21.0,179.0,67.0,Germany,1964,,20.91070815517618
Hans Ernst Schneider,M,25.0,,,Switzerland,1952,,
Thomas Schnlebe,M,23.0,185.0,74.0,East Germany,1988,,21.62162162162162
Thomas Schnlebe,M,26.0,185.0,74.0,Germany,1992,,21.62162162162162
"Hermanus Ricardus Johannes ""Harry"" Schulting",M,24.0,192.0,79.0,Netherlands,1980,,21.43012152777778
Ernst Ludwig Emanuel Schultz,M,20.0,,,Denmark,1900,Bronze,
Ingo Schultz,M,29.0,201.0,99.0,Germany,2004,,24.50434395188238
Robert Schurrer,M,22.0,,,France,1912,,
Rolf Schnheyder,M,23.0,,,Norway,1936,,
"Louis Joseph ""Lou"" Sebert",M,21.0,180.0,,Canada,1908,,
Cyril Norman Seedhouse,M,20.0,,,Great Britain,1912,,
"Marcus ""Mark"" Senior",M,20.0,170.0,67.0,Jamaica,1984,,23.18339100346021
Matija estak,M,27.0,193.0,82.0,Slovenia,2000,,22.014013799028163
Matija estak,M,31.0,193.0,82.0,Slovenia,2004,,22.014013799028163
Yaya Seyba,M,,,,Mali,1988,,
Ahmed Shageef,M,17.0,166.0,65.0,Maldives,1988,,23.588329220496444
Frank Joseph Shea,M,26.0,181.0,73.0,United States,1920,,22.282592106468055
"Melvin Winfield ""Mel"" Sheppard",M,28.0,177.0,67.0,United States,1912,,21.38593635289987
Dennis Victor Shore,M,21.0,189.0,80.0,South Africa,1936,,22.395789591556788
Dennis Victor Shore,M,33.0,189.0,80.0,South Africa,1948,,22.395789591556788
Dimitrios Siantis,M,,,,Greece,1906,,
Karabo Sibanda,M,18.0,185.0,70.0,Botswana,2016,,20.452885317750184
Antonio Siddi,M,29.0,177.0,73.0,Italy,1952,,23.301094832264038
Oddur Sigursson,M,21.0,181.0,70.0,Iceland,1980,,21.36686914318855
Oddur Sigursson,M,25.0,181.0,70.0,Iceland,1984,,21.36686914318855
Reynir Sigursson,M,20.0,,,Iceland,1948,,
Foday Sillah,M,18.0,175.0,62.0,Sierra Leone,1992,,20.244897959183675
Vasilios Sillis,M,23.0,181.0,73.0,Greece,1952,,22.282592106468055
Vasilios Sillis,M,31.0,181.0,73.0,Greece,1960,,22.282592106468055
Andrs Byron Silva Lemos,M,18.0,178.0,78.0,Uruguay,2004,,24.61810377477591
Andrs Byron Silva Lemos,M,22.0,178.0,78.0,Uruguay,2008,,24.61810377477591
Fernando da Cuha Silva,M,20.0,176.0,75.0,Portugal,1972,,24.212293388429753
Odiya Silweya,M,29.0,172.0,70.0,Malawi,1988,,23.66143861546782
Christian Simmen,M,,,,Switzerland,1924,,
George Simon,M,25.0,180.0,75.0,Trinidad and Tobago,1968,,23.14814814814815
Agide Simonazzi,M,24.0,,,Italy,1920,,
Brandon Allan Simpson,M,22.0,185.0,79.0,Jamaica,2004,,23.08254200146092
Vanxay Sinebandith,M,23.0,170.0,60.0,Laos,1992,,20.761245674740483
Milkha Singh,M,21.0,172.0,66.0,India,1956,,22.30935640886966
Milkha Singh,M,24.0,172.0,66.0,India,1960,,22.30935640886966
Paramjit Singh,M,29.0,187.0,73.0,India,2000,,20.87563270325145
Erwin Richard Skamrahl,M,26.0,178.0,67.0,West Germany,1984,,21.146319909102385
Pierre Skawinski,M,23.0,185.0,76.0,France,1936,,22.20598977355734
Anton Skerritt,M,20.0,185.0,74.0,Trinidad and Tobago,1984,,21.62162162162162
Anton Skerritt,M,24.0,185.0,74.0,Canada,1988,,21.62162162162162
Edwin Joseph Skinner,M,23.0,180.0,76.0,Trinidad and Tobago,1964,,23.45679012345679
Henry Berry Slack,M,23.0,,,United States,1900,,
Laird de Lacey Sloan,M,21.0,,,Canada,1956,,
Robert Harold Smallwood,M,21.0,186.0,79.0,United States,1936,,22.83500982772575
John Walton Smith,M,22.0,188.0,83.0,United States,1972,,23.483476686283385
Emil Snider,M,20.0,185.0,73.0,United States,1928,,21.32943754565376
"Michael ""Mike"" Solomon",M,21.0,171.0,60.0,Trinidad and Tobago,1976,,20.519134092541293
"Michael ""Mike"" Solomon",M,25.0,171.0,60.0,Trinidad and Tobago,1980,,20.519134092541293
Steven Solomon,M,19.0,186.0,73.0,Australia,2012,,21.100705283847844
Egon Solymossy,M,30.0,,,Hungary,1952,,
Pablo Somblingo,M,,,,Philippines,1956,,
Son Ju-Il,M,26.0,175.0,69.0,South Korea,1996,,22.53061224489796
James Tindal Soutter,M,27.0,,,Great Britain,1912,,
Javier Souza Daz,M,22.0,,,Mexico,1952,,
"Frederick Oliver Newgent ""Fred"" Sowerby",M,27.0,180.0,74.0,Antigua and Barbuda,1976,,22.839506172839506
Zoltn Speidl,M,20.0,,,Hungary,1900,,
"Malcolm Emanuel Augustus ""Mal"" Spence",M,20.0,177.0,71.0,Jamaica,1956,,22.66270867247598
"Malcolm Emanuel Augustus ""Mal"" Spence",M,24.0,177.0,71.0,West Indies Federation,1960,,22.66270867247598
Malcolm Clive Spence,M,19.0,187.0,76.0,South Africa,1956,,21.733535417083704
Malcolm Clive Spence,M,22.0,187.0,76.0,South Africa,1960,Bronze,21.733535417083704
"Melville Emanuel Alfonso ""Mel"" Spence",M,20.0,177.0,71.0,Jamaica,1956,,22.66270867247598
Caspar Springer,M,35.0,,,Barbados,1972,,
Ali St. Louis,M,25.0,175.0,71.0,Trinidad and Tobago,1984,,23.183673469387756
Augusto Jos Stanley Netepczuk,M,24.0,189.0,80.0,Paraguay,2012,,22.395789591556788
Ian Stapleton,M,20.0,183.0,68.0,Jamaica,1980,,20.305174833527428
Vasilios Stavrinos,M,21.0,,,Greece,1928,,
Andrew Steele,M,23.0,182.0,78.0,Great Britain,2008,,23.547880690737834
Bjarni Stefnsson,M,21.0,180.0,70.0,Iceland,1972,,21.604938271604937
Bjarni Stefnsson,M,25.0,180.0,70.0,Iceland,1976,,21.604938271604937
"Josef ""Sepp"" Steger",M,27.0,,,Switzerland,1952,,
Knut Stenborg,M,22.0,,,Sweden,1912,,
Andrzej Stpie,M,27.0,180.0,76.0,Poland,1980,,23.45679012345679
Jeremas Stokes Brown,M,19.0,,,Guatemala,1952,,
Nelson Stone,M,28.0,179.0,75.0,Papua New Guinea,2012,,23.40750912892856
"Robert Alan ""Rob"" Stone",M,23.0,176.0,71.0,Australia,1988,,22.920971074380166
Crew Hadlett Stoneley,M,21.0,163.0,51.0,Great Britain,1932,,19.195302796492154
"Werner ""Harry"" Storz",M,24.0,175.0,68.0,Germany,1928,,22.20408163265306
Brje Johannes Strandvall,M,23.0,175.0,66.0,Finland,1932,,21.551020408163264
Brje Johannes Strandvall,M,27.0,175.0,66.0,Finland,1936,,21.551020408163264
Stylianos Stratakos,M,33.0,,,Greece,1948,,
Seibert Straughn,M,20.0,193.0,77.0,Barbados,1988,,20.671695884453275
Seibert Straughn,M,24.0,193.0,77.0,Barbados,1992,,20.671695884453275
Sven Emil Strmberg,M,25.0,176.0,73.0,Sweden,1936,,23.56663223140496
Charles Syme Stuart,M,21.0,,,Australia,1928,,
Jaakko Johannes Suikkari,M,26.0,180.0,78.0,Finland,1952,,24.074074074074073
Eric Gustav Sundblad,M,22.0,,,Sweden,1920,,
Tauno Johannes Suvanto,M,23.0,182.0,73.0,Finland,1948,,22.03840115928028
Sompop Svadanandana,M,19.0,,,Thailand,1952,,
Artur Hjalmar Slve Svensson,M,23.0,,,Sweden,1924,,
Hryhoriy Sverbetov,M,25.0,183.0,76.0,Soviet Union,1964,,22.694018931589476
Renelda Swan,M,18.0,178.0,70.0,Bermuda,1976,,22.093170054286077
Stanisaw Swatowski,M,26.0,175.0,72.0,Poland,1960,,23.510204081632654
Stanisaw Swatowski,M,30.0,175.0,72.0,Poland,1964,,23.510204081632654
Stanisaw Dominik witochowski,M,24.0,,,Poland,1924,,
"Rudieon ""Rudy"" Sylvan",M,21.0,175.0,73.0,Grenada,2000,,23.836734693877553
Jen Szalay,M,23.0,,,Hungary,1928,,
Zsolt Szeglet,M,23.0,180.0,76.0,Hungary,2000,,23.45679012345679
Zsolt Szeglet,M,27.0,180.0,76.0,Hungary,2004,,23.45679012345679
Ervin Szerelemhegyi,M,21.0,,,Hungary,1912,,
Kenji Tabata,M,25.0,176.0,66.0,Japan,2000,,21.306818181818183
Mulugetta Tadesse,M,26.0,176.0,64.0,Ethiopia,1972,,20.66115702479339
Susumu Takano,M,23.0,178.0,70.0,Japan,1984,,22.093170054286077
Susumu Takano,M,27.0,178.0,70.0,Japan,1988,,22.093170054286077
Susumu Takano,M,31.0,178.0,70.0,Japan,1992,,22.093170054286077
Olavi Anselmi Talja,M,23.0,182.0,73.0,Finland,1948,,22.03840115928028
Lapule Tamean,M,21.0,172.0,67.0,Papua New Guinea,1984,,22.6473769605192
Bralon Shazam Taplin,M,24.0,180.0,75.0,Grenada,2016,,23.14814814814815
Giuseppe Tarella,M,24.0,,,Italy,1908,,
"L. ""Leonard"" Tay",M,23.0,,,China,1936,,
"John Baxter Taylor, Jr.",M,25.0,181.0,74.0,United States,1908,,22.587833094227893
John Coard Taylor,M,23.0,180.0,73.0,United States,1924,,22.530864197530864
Ernest Tch-Noubossie,M,32.0,185.0,80.0,Cameroon,1988,,23.37472607742878
"Eduardo Antonio ""Eddy"" Tllez Valerino",M,24.0,180.0,70.0,Cuba,1968,,21.604938271604937
Edilson Rocha Tenrio,M,25.0,196.0,77.0,Brazil,1992,,20.043731778425656
Jorge Tern Hernndez,M,25.0,178.0,74.0,Mexico,1960,,23.355636914530994
Baboloki Thebe,M,19.0,,64.0,Botswana,2016,,
Thet Zaw Win,M,21.0,162.0,55.0,Myanmar,2012,,20.95717116293248
Robosingho Arachchilage Don Sugath Thilakaratne,M,22.0,170.0,60.0,Sri Lanka,1996,,20.761245674740483
Robosingho Arachchilage Don Sugath Thilakaratne,M,27.0,170.0,60.0,Sri Lanka,2000,,20.761245674740483
Daniel M. Thomas,M,27.0,178.0,64.0,Tanzania,1964,,20.199469763918696
Iwan Gwyn Thomas,M,22.0,186.0,85.0,Great Britain,1996,,24.569314371603653
Somsak Thonf Ar-Ram,M,22.0,162.0,61.0,Thailand,1956,,23.243408017070568
Somsak Thongsuk,M,25.0,168.0,64.0,Thailand,1964,,22.675736961451246
Errol Thurton,M,,,,Belize,1976,,
Gabriel J. Tiacoh,M,20.0,180.0,75.0,Cote d'Ivoire,1984,Silver,23.14814814814815
Gabriel J. Tiacoh,M,25.0,180.0,75.0,Cote d'Ivoire,1988,,23.14814814814815
"Joseph Paul ""Joe"" Tierney",M,25.0,178.0,61.0,United States,1928,,19.252619618735007
"Charles Terence ""Terry"" Tobacco",M,20.0,188.0,63.0,Canada,1956,,17.824807605251245
"Charles Terence ""Terry"" Tobacco",M,24.0,188.0,63.0,Canada,1960,,17.824807605251245
Horia Toboc,M,25.0,184.0,71.0,Romania,1980,,20.97117202268431
Willis Todman,M,22.0,167.0,66.0,British Virgin Islands,1988,,23.66524436157625
Juan Pedro Toledo Domnguez,M,22.0,187.0,85.0,Mexico,2000,,24.307243558580456
Yoshiharu Tomonaga,M,22.0,178.0,70.0,Japan,1972,,22.093170054286077
Edward James Toms,M,24.0,,,Great Britain,1924,,
Giovanni Tosi,M,,,,Italy,1920,,
Roberto Tozzi,M,21.0,180.0,72.0,Italy,1980,,22.22222222222222
Rgis Tranquille,M,25.0,182.0,74.0,Seychelles,1980,,22.34029706557179
Pavel Aleksandrovich Trenikhin,M,26.0,180.0,70.0,Russia,2012,,21.604938271604937
Max Trepp,M,24.0,,,Switzerland,1948,,
Otto-Paul Trieloff,M,22.0,,,Germany,1908,,
Josef Trousil,M,25.0,182.0,70.0,Czechoslovakia,1960,,21.132713440405748
Josef Trousil,M,29.0,182.0,70.0,Czechoslovakia,1964,,21.132713440405748
Takale Tuna,M,23.0,184.0,75.0,Papua New Guinea,1988,,22.152646502835537
Dele Ndubuisi Udo,M,23.0,187.0,78.0,Nigeria,1980,,22.305470559638536
Pongummart Ummarttayakul,M,18.0,,,Thailand,1952,,
George Bernard Underwood,M,19.0,176.0,74.0,United States,1904,,23.889462809917354
Carlton Usher,M,19.0,168.0,68.0,Belize,1988,,24.09297052154195
Sunday Uti,M,21.0,175.0,68.0,Nigeria,1984,,22.20408163265306
Sunday Uti,M,25.0,175.0,68.0,Nigeria,1988,,22.20408163265306
Antoine Uytterhoeven,M,22.0,,,Belgium,1952,,
Marco Vaccari,M,26.0,180.0,69.0,Italy,1992,,21.296296296296298
Jzsef Vadas,M,24.0,175.0,62.0,Hungary,1936,,20.244897959183675
Bjrn Vade,M,26.0,,,Norway,1948,,
Howard Van Nostrand Valentine,M,22.0,,,United States,1904,,
Howard Van Nostrand Valentine,M,24.0,,,United States,1906,,
Brandon Valentine-Parris,M,21.0,173.0,55.0,Saint Vincent and the Grenadines,2016,,18.376825152861773
Louis Alberts van Biljon,M,24.0,,,South Africa,1952,,
Cdric Marie Carlos Thrse Van Branteghem,M,25.0,176.0,73.0,Belgium,2004,,23.56663223140496
Cdric Marie Carlos Thrse Van Branteghem,M,29.0,176.0,73.0,Belgium,2008,,23.56663223140496
"Marinus ""Rinus"" van den Berge",M,28.0,171.0,65.0,Netherlands,1928,,22.229061933586404
"Hendrik Jacob ""Henk"" van der Wal",M,21.0,,,Netherlands,1908,,
Wayde van Niekerk,M,24.0,183.0,70.0,South Africa,2016,Gold,20.90238585804294
Zdenk Va,M,21.0,170.0,64.0,Czechoslovakia,1960,,22.14532871972318
Peter Francis Vassella,M,23.0,175.0,69.0,Australia,1964,,22.53061224489796
Daniel Roger Vlasquez,M,28.0,175.0,70.0,France,1972,,22.857142857142858
Niko Verakauta,M,21.0,186.0,74.0,Fiji,2008,,21.389756041160826
David Verburg,M,25.0,173.0,70.0,United States,2016,,23.38868655818771
Jean Karel Verhaert,M,28.0,,,Belgium,1936,,
Adj Adjeoda Vignon,M,,180.0,80.0,Togo,1984,,24.691358024691358
Vctor Manuel Villaseor Martnez de Arredondo,M,24.0,178.0,,Mexico,1928,,
Casey Garnett Vincent,M,21.0,183.0,78.0,Australia,2000,,23.29122995610499
Casey Garnett Vincent,M,25.0,183.0,78.0,Australia,2004,,23.29122995610499
Johann Baptist Theodor von Gudenus,M,28.0,183.0,,Austria,1936,,
Ernst von Gunten,M,30.0,,,Switzerland,1952,,
Johan Bertil Karl von Wachenfeldt,M,27.0,188.0,76.0,Sweden,1936,,21.502942507922135
Jaroslav Vykoupil,M,20.0,176.0,67.0,Czechoslovakia,1928,,21.62964876033058
Ibrahima Wade,M,32.0,193.0,82.0,France,2000,,22.014013799028163
Anthony Wayne Wallace,M,23.0,191.0,82.0,Jamaica,1992,,22.477454017159616
Frank Laird Waller,M,20.0,176.0,71.0,United States,1904,Silver,22.920971074380166
Julian Jrummi Walsh,M,19.0,175.0,75.0,Japan,2016,,24.489795918367346
"William John ""Willie"" Walters",M,24.0,186.0,73.0,South Africa,1932,,21.100705283847844
Kamau George Wanyoke,M,,,,Kenya,1956,,
Jeremy Matthew Wariner,M,20.0,188.0,71.0,United States,2004,Gold,20.088275237664103
Jeremy Matthew Wariner,M,24.0,188.0,71.0,United States,2008,Silver,20.088275237664103
Takahiro Watanabe,M,22.0,185.0,75.0,Japan,1992,,21.91380569758948
Elieser Wattebosi,M,24.0,167.0,58.0,Indonesia,1988,,20.7967298935064
Quincy Dushawn Watts,M,22.0,190.0,88.0,United States,1992,Gold,24.37673130193906
Ren Weber,M,27.0,178.0,74.0,Switzerland,1960,,23.355636914530994
"James Edward ""Jim"" Wedderburn",M,22.0,178.0,73.0,West Indies Federation,1960,,23.040020199469765
Saul Weigopwa,M,18.0,175.0,71.0,Nigeria,2004,,23.183673469387756
Saul Weigopwa,M,22.0,175.0,71.0,Nigeria,2008,,23.183673469387756
Zygmunt Eugeniusz Weiss,M,25.0,180.0,78.0,Poland,1928,,24.074074074074073
Carl Gustaf Olof Wejnarth,M,22.0,,,Sweden,1924,,
Joseph Algernon Wells,M,26.0,,,Great Britain,1912,,
Johann Heinrich Wenseler,M,21.0,,,Germany,1912,,
Jan Werner,M,22.0,191.0,86.0,Poland,1968,,23.573915188728378
Jan Werner,M,26.0,191.0,86.0,Poland,1972,,23.573915188728378
Jan Werner,M,29.0,191.0,86.0,Poland,1976,,23.573915188728378
"Michael Keith Valentine ""Mike"" Wheeler",M,21.0,187.0,76.0,Great Britain,1956,,21.733535417083704
"Malvin Groston ""Mal"" Whitfield",M,23.0,185.0,76.0,United States,1948,Bronze,22.20598977355734
"Malvin Groston ""Mal"" Whitfield",M,27.0,185.0,76.0,United States,1952,,22.20598977355734
Brian Whittle,M,24.0,190.0,77.0,Great Britain,1988,,21.329639889196677
Frigyes (Friedrich) Wiesner-Mezei,M,24.0,,,Hungary,1912,,
"Erik Wilhelm ""Erkka"" Wiln",M,21.0,180.0,73.0,Finland,1920,,22.530864197530864
"Erik Wilhelm ""Erkka"" Wiln",M,25.0,180.0,73.0,Finland,1924,,22.530864197530864
"Archibald Franklin ""Archie"" Williams",M,21.0,183.0,80.0,United States,1936,Gold,23.8884409806205
Conrad Williams,M,30.0,182.0,75.0,Great Britain,2012,,22.642192971863302
Michael Williams,M,17.0,,,Saint Vincent and the Grenadines,1988,,
Siraj Williams,M,24.0,178.0,,Liberia,2008,,
Ulis C. Williams,M,22.0,185.0,75.0,United States,1964,,21.91380569758948
"Alexander Sheldon ""Alex"" Wilson",M,20.0,178.0,66.0,Canada,1928,,20.830703194041156
"Alexander Sheldon ""Alex"" Wilson",M,24.0,178.0,66.0,Canada,1932,Bronze,20.830703194041156
Eric Colquhoun Wilson,M,23.0,183.0,73.0,United States,1924,,21.798202394816208
Wickramesinghe Wimaladasa,M,28.0,177.0,62.0,Sri Lanka,1972,,19.78997095342973
Martin John Winbolt-Lewis,M,21.0,185.0,73.0,Great Britain,1968,,21.32943754565376
Arthur Stanley Wint,M,28.0,194.0,77.0,Jamaica,1948,Gold,20.45913487086832
Arthur Stanley Wint,M,32.0,194.0,77.0,Jamaica,1952,,20.45913487086832
Johan Lukas Wissman,M,25.0,167.0,75.0,Sweden,2008,,26.89232313815483
Lars-Erik Ragnar Wolfbrandt,M,23.0,178.0,70.0,Sweden,1952,,22.093170054286077
Hedges Eyre Worthington-Eyre,M,20.0,,,Great Britain,1920,,
John Derek Wrighton,M,27.0,189.0,80.0,Great Britain,1960,,22.395789591556788
Sean Wroe,M,23.0,185.0,75.0,Australia,2008,,21.91380569758948
Desai Wynter,M,22.0,181.0,79.0,United States Virgin Islands,1988,,24.114038033027075
Desai Wynter,M,26.0,181.0,79.0,United States Virgin Islands,1992,,24.114038033027075
Mohammad Anas Yahiya,M,21.0,177.0,69.0,India,2016,,22.024322512687924
Yuki Yamaguchi,M,20.0,174.0,63.0,Japan,2004,,20.808561236623067
Takahiko Yamamura,M,21.0,176.0,68.0,Japan,2000,,21.952479338842974
Harold Malcolm Yardley,M,19.0,170.0,65.0,Great Britain,1960,,22.491349480968857
Samuela Yavala,M,25.0,173.0,69.0,Fiji,1972,,23.054562464499316
"John Lloyd ""Jack"" Yerman",M,21.0,183.0,81.0,United States,1960,,24.18704649287826
Benjamin Youla,M,24.0,,,Congo (Brazzaville),2000,,
Donnell Brooks Young,M,24.0,183.0,71.0,United States,1912,,21.200991370300695
Earl Verdelle Young,M,19.0,190.0,79.0,United States,1960,,21.883656509695292
George William Young,M,,,,Great Britain,1908,,
Rabah Yousif,M,25.0,184.0,71.0,Sudan,2012,,20.97117202268431
Aouf Abdul Rahman Youssef,M,27.0,,,Iraq,1988,,
Yun Nam-Han,M,19.0,180.0,74.0,South Korea,1988,,22.839506172839506
Sergey Aleksandrovich Zaykov,M,24.0,190.0,76.0,Kazakhstan,2012,,21.05263157894737
Aurang Zeb,M,29.0,,,Pakistan,1952,,
Michael Zerbes,M,24.0,195.0,81.0,East Germany,1968,,21.301775147928993
Paul Gustav Zerling,M,22.0,,,Sweden,1912,,
Zoltn Zsitva (Zawrzel-),M,30.0,,,Hungary,1936,,
Feliks Grzegorz uber,M,22.0,167.0,60.0,Poland,1928,,21.513858510523864
Mauro Carlo Zuliani,M,20.0,175.0,62.0,Italy,1980,,20.244897959183675
Lloyd Zvasiya,M,23.0,190.0,80.0,Zimbabwe,2004,,22.1606648199446
